#if defined(LV_LVGL_H_INCLUDE_SIMPLE)
#include "lvgl.h"
#else
#include "lvgl/lvgl.h"
#endif


#ifndef LV_ATTRIBUTE_MEM_ALIGN
#define LV_ATTRIBUTE_MEM_ALIGN
#endif

#ifndef LV_ATTRIBUTE_IMG__GAUGE_NEEDLE_ALPHA_14X103
#define LV_ATTRIBUTE_IMG__GAUGE_NEEDLE_ALPHA_14X103
#endif

const LV_ATTRIBUTE_MEM_ALIGN LV_ATTRIBUTE_LARGE_CONST LV_ATTRIBUTE_IMG__GAUGE_NEEDLE_ALPHA_14X103 uint8_t _gauge_needle_alpha_14x103_map[] = {
#if LV_COLOR_DEPTH == 1 || LV_COLOR_DEPTH == 8
  /*Pixel format: Alpha 8 bit, Red: 3 bit, Green: 3 bit, Blue: 2 bit*/
  0xf6, 0x12, 0xf1, 0x15, 0xec, 0x0e, 0xe8, 0x07, 0xe8, 0x04, 0xf0, 0x02, 0xe0, 0x01, 0xe0, 0x01, 0xfc, 0x01, 0xec, 0x03, 0xe8, 0x07, 0xec, 0x0d, 0xf1, 0x11, 0xf6, 0x0e, 
  0xf6, 0x1b, 0xf6, 0x31, 0xf1, 0x2f, 0xf0, 0x20, 0xec, 0x18, 0xf0, 0x10, 0xf0, 0x0c, 0xf0, 0x0c, 0xf0, 0x0f, 0xec, 0x15, 0xf0, 0x20, 0xf1, 0x2c, 0xf6, 0x2b, 0xfa, 0x17, 
  0xf1, 0x12, 0xf6, 0x37, 0xf6, 0x59, 0xf6, 0x5e, 0xf5, 0x56, 0xf5, 0x4c, 0xf5, 0x4a, 0xf5, 0x42, 0xf1, 0x49, 0xf5, 0x54, 0xf6, 0x5e, 0xf6, 0x58, 0xf6, 0x37, 0xf1, 0x10, 
  0xe8, 0x09, 0xec, 0x23, 0xf1, 0x50, 0xf6, 0x79, 0xf6, 0x91, 0xfa, 0xa7, 0xff, 0xd4, 0xff, 0xc8, 0xfa, 0xa4, 0xf6, 0x96, 0xf6, 0x82, 0xf5, 0x57, 0xf1, 0x25, 0xe8, 0x08, 
  0xe0, 0x04, 0xe4, 0x14, 0xe8, 0x34, 0xe8, 0x5c, 0xed, 0x83, 0xf6, 0xa9, 0xff, 0xe1, 0xff, 0xe1, 0xf6, 0xaa, 0xf1, 0x8a, 0xec, 0x62, 0xe8, 0x36, 0xe8, 0x13, 0xe0, 0x03, 
  0xe0, 0x03, 0xe0, 0x10, 0xe0, 0x29, 0xe4, 0x4c, 0xe4, 0x76, 0xec, 0x9a, 0xfa, 0xce, 0xfa, 0xd2, 0xe8, 0x98, 0xe4, 0x76, 0xe4, 0x4b, 0xe4, 0x26, 0xe4, 0x0c, 0xe0, 0x02, 
  0xe0, 0x03, 0xe0, 0x10, 0xe0, 0x2a, 0xe0, 0x4e, 0xe4, 0x7d, 0xe8, 0xaa, 0xfa, 0xd7, 0xfa, 0xd8, 0xe8, 0xa5, 0xe0, 0x75, 0xe0, 0x47, 0xe0, 0x23, 0xe0, 0x0b, 0xe0, 0x02, 
  0xe0, 0x04, 0xe0, 0x11, 0xe0, 0x2c, 0xe0, 0x55, 0xe4, 0x8a, 0xe8, 0xbb, 0xfa, 0xe1, 0xfa, 0xe4, 0xe8, 0xb4, 0xe0, 0x7b, 0xe0, 0x49, 0xe0, 0x23, 0xe0, 0x0b, 0xe0, 0x02, 
  0xe0, 0x04, 0xe0, 0x11, 0xe0, 0x2f, 0xe0, 0x59, 0xe4, 0x90, 0xe8, 0xc9, 0xfa, 0xe8, 0xfa, 0xea, 0xe8, 0xbc, 0xe0, 0x7e, 0xe0, 0x4c, 0xe0, 0x24, 0xe0, 0x0b, 0xe0, 0x02, 
  0xe0, 0x03, 0xe0, 0x11, 0xe0, 0x2f, 0xe0, 0x5d, 0xe4, 0x96, 0xe8, 0xd2, 0xfa, 0xee, 0xfa, 0xee, 0xe8, 0xc3, 0xe0, 0x81, 0xe0, 0x4d, 0xe0, 0x24, 0xe0, 0x0b, 0xe0, 0x02, 
  0xe0, 0x03, 0xe0, 0x11, 0xe0, 0x30, 0xe0, 0x5d, 0xe4, 0x98, 0xe8, 0xd6, 0xfa, 0xf1, 0xf6, 0xf2, 0xe8, 0xc4, 0xe0, 0x83, 0xe0, 0x4d, 0xe0, 0x25, 0xe0, 0x0b, 0xe0, 0x02, 
  0xe0, 0x03, 0xe0, 0x12, 0xe0, 0x30, 0xe0, 0x5e, 0xe4, 0x9a, 0xe8, 0xd8, 0xfa, 0xf4, 0xfa, 0xf3, 0xe8, 0xc8, 0xe0, 0x84, 0xe0, 0x4e, 0xe0, 0x25, 0xe0, 0x0b, 0xe0, 0x02, 
  0xe0, 0x03, 0xe0, 0x11, 0xe0, 0x31, 0xe0, 0x5f, 0xe4, 0x9b, 0xe8, 0xdb, 0xf6, 0xf6, 0xf6, 0xf6, 0xe8, 0xca, 0xe0, 0x85, 0xe0, 0x4e, 0xe0, 0x24, 0xe0, 0x0b, 0xe0, 0x01, 
  0xe0, 0x03, 0xe0, 0x11, 0xe0, 0x31, 0xe0, 0x5f, 0xe4, 0x9b, 0xe8, 0xdc, 0xf6, 0xf7, 0xf6, 0xf6, 0xe8, 0xcb, 0xe0, 0x86, 0xe0, 0x4f, 0xe0, 0x25, 0xe0, 0x0b, 0xe0, 0x01, 
  0xe0, 0x03, 0xe0, 0x11, 0xe0, 0x31, 0xe0, 0x60, 0xe4, 0x9c, 0xe8, 0xdf, 0xf6, 0xf8, 0xf6, 0xf7, 0xe8, 0xcd, 0xe0, 0x86, 0xe0, 0x4f, 0xe0, 0x24, 0xe0, 0x0b, 0xe0, 0x01, 
  0xe0, 0x03, 0xe0, 0x12, 0xe0, 0x30, 0xe0, 0x5f, 0xe4, 0x9c, 0xe8, 0xe0, 0xf6, 0xf9, 0xf6, 0xf7, 0xe8, 0xce, 0xe0, 0x86, 0xe0, 0x4f, 0xe0, 0x24, 0xe0, 0x0b, 0xe0, 0x01, 
  0xe0, 0x03, 0xe0, 0x11, 0xe0, 0x30, 0xe0, 0x5f, 0xe4, 0x9c, 0xe8, 0xdf, 0xf6, 0xfa, 0xf6, 0xf9, 0xe8, 0xcd, 0xe0, 0x87, 0xe0, 0x4f, 0xe0, 0x24, 0xe0, 0x0b, 0xe0, 0x01, 
  0xe0, 0x03, 0xe0, 0x11, 0xe0, 0x30, 0xe0, 0x5e, 0xe4, 0x9b, 0xe8, 0xe0, 0xf6, 0xfb, 0xf6, 0xf9, 0xe4, 0xcd, 0xe0, 0x85, 0xe0, 0x4e, 0xe0, 0x24, 0xe0, 0x0b, 0xe0, 0x01, 
  0xe0, 0x03, 0xe0, 0x11, 0xe0, 0x2f, 0xe0, 0x5e, 0xe4, 0x9b, 0xe8, 0xdf, 0xf6, 0xfc, 0xf6, 0xfa, 0xe4, 0xcc, 0xe0, 0x85, 0xe0, 0x4e, 0xe0, 0x24, 0xe0, 0x0a, 0xe0, 0x01, 
  0xe0, 0x03, 0xe0, 0x10, 0xe0, 0x30, 0xe0, 0x5d, 0xe0, 0x99, 0xe8, 0xdf, 0xf6, 0xfd, 0xf6, 0xfb, 0xe4, 0xcc, 0xe0, 0x84, 0xe0, 0x4e, 0xe0, 0x24, 0xe0, 0x0a, 0xe0, 0x01, 
  0xe0, 0x03, 0xe0, 0x10, 0xe0, 0x2f, 0xe0, 0x5c, 0xe0, 0x99, 0xe8, 0xdf, 0xf6, 0xfd, 0xf6, 0xfb, 0xe4, 0xcb, 0xe0, 0x84, 0xe0, 0x4d, 0xe0, 0x23, 0xe0, 0x0a, 0xe0, 0x01, 
  0xe0, 0x03, 0xe0, 0x10, 0xe0, 0x2f, 0xe0, 0x5c, 0xe0, 0x98, 0xe8, 0xdf, 0xf6, 0xfe, 0xf6, 0xfb, 0xe4, 0xca, 0xe0, 0x83, 0xe0, 0x4c, 0xe0, 0x23, 0xe0, 0x0a, 0xe0, 0x01, 
  0xe0, 0x03, 0xe0, 0x10, 0xe0, 0x2e, 0xe0, 0x5b, 0xe0, 0x96, 0xe8, 0xdd, 0xf6, 0xfe, 0xf6, 0xfa, 0xe4, 0xc8, 0xe0, 0x81, 0xe0, 0x4c, 0xe0, 0x23, 0xe0, 0x0a, 0xe0, 0x01, 
  0xe0, 0x02, 0xe0, 0x10, 0xe0, 0x2e, 0xe0, 0x5a, 0xe0, 0x95, 0xe8, 0xdc, 0xf6, 0xfd, 0xf6, 0xfa, 0xe4, 0xc7, 0xe0, 0x7f, 0xe0, 0x4b, 0xe0, 0x22, 0xe0, 0x0a, 0xe0, 0x01, 
  0xe0, 0x02, 0xe0, 0x10, 0xe0, 0x2d, 0xe0, 0x59, 0xe0, 0x93, 0xe8, 0xdb, 0xf6, 0xfd, 0xf6, 0xfa, 0xe4, 0xc6, 0xe0, 0x7e, 0xe0, 0x4a, 0xe0, 0x22, 0xe0, 0x0a, 0xe0, 0x01, 
  0xe0, 0x02, 0xe0, 0x10, 0xe0, 0x2d, 0xe0, 0x59, 0xe0, 0x92, 0xe8, 0xd9, 0xf5, 0xfc, 0xf6, 0xf9, 0xe4, 0xc4, 0xe0, 0x7d, 0xe0, 0x4a, 0xe0, 0x22, 0xe0, 0x09, 0xe0, 0x01, 
  0xe0, 0x02, 0xe0, 0x0f, 0xe0, 0x2c, 0xe0, 0x58, 0xe0, 0x91, 0xe8, 0xd8, 0xf5, 0xfc, 0xf5, 0xf9, 0xe4, 0xc3, 0xe0, 0x7d, 0xe0, 0x49, 0xe0, 0x21, 0xe0, 0x09, 0xe0, 0x01, 
  0xe0, 0x02, 0xe0, 0x0f, 0xe0, 0x2c, 0xe0, 0x57, 0xe0, 0x90, 0xe8, 0xd7, 0xf5, 0xfb, 0xf5, 0xf8, 0xe4, 0xc2, 0xe0, 0x7b, 0xe0, 0x48, 0xe0, 0x21, 0xe0, 0x09, 0x00, 0x00, 
  0xe0, 0x02, 0xe0, 0x0f, 0xe0, 0x2b, 0xe0, 0x56, 0xe0, 0x8e, 0xe8, 0xd6, 0xf5, 0xfb, 0xf5, 0xf7, 0xe4, 0xc0, 0xe0, 0x7a, 0xe0, 0x48, 0xe0, 0x20, 0xe0, 0x09, 0x00, 0x00, 
  0xe0, 0x02, 0xe0, 0x0f, 0xe0, 0x2b, 0xe0, 0x55, 0xe0, 0x8d, 0xe8, 0xd4, 0xf5, 0xfa, 0xf1, 0xf7, 0xe4, 0xbe, 0xe0, 0x79, 0xe0, 0x47, 0xe0, 0x20, 0xe0, 0x09, 0x00, 0x00, 
  0xe0, 0x02, 0xe0, 0x0e, 0xe0, 0x2a, 0xe0, 0x55, 0xe0, 0x8c, 0xe8, 0xd3, 0xf1, 0xfa, 0xf1, 0xf6, 0xe4, 0xbd, 0xe0, 0x78, 0xe0, 0x46, 0xe0, 0x20, 0xe0, 0x09, 0x00, 0x00, 
  0xe0, 0x02, 0xe0, 0x0d, 0xe0, 0x2a, 0xe0, 0x54, 0xe0, 0x8a, 0xe8, 0xd1, 0xf5, 0xfa, 0xf1, 0xf5, 0xe4, 0xbb, 0xe0, 0x77, 0xe0, 0x46, 0xe0, 0x20, 0xe0, 0x08, 0x00, 0x00, 
  0xe0, 0x02, 0xe0, 0x0d, 0xe0, 0x2a, 0xe0, 0x53, 0xe0, 0x89, 0xe8, 0xd0, 0xf5, 0xfa, 0xf1, 0xf5, 0xe4, 0xba, 0xe0, 0x76, 0xe0, 0x45, 0xe0, 0x1f, 0xe0, 0x08, 0x00, 0x00, 
  0xe0, 0x02, 0xe0, 0x0d, 0xe0, 0x29, 0xe0, 0x52, 0xe0, 0x88, 0xe8, 0xcf, 0xf1, 0xfa, 0xf1, 0xf5, 0xe4, 0xb9, 0xe0, 0x74, 0xe0, 0x44, 0xe0, 0x1f, 0xe0, 0x08, 0x00, 0x00, 
  0xe0, 0x02, 0xe0, 0x0d, 0xe0, 0x29, 0xe0, 0x52, 0xe0, 0x86, 0xe8, 0xce, 0xf1, 0xf9, 0xf1, 0xf4, 0xe4, 0xb7, 0xe0, 0x73, 0xe0, 0x44, 0xe0, 0x1f, 0xe0, 0x08, 0x00, 0x00, 
  0xe0, 0x02, 0xe0, 0x0d, 0xe0, 0x28, 0xe0, 0x51, 0xe0, 0x85, 0xe8, 0xcd, 0xf1, 0xf9, 0xf1, 0xf3, 0xe4, 0xb5, 0xe0, 0x72, 0xe0, 0x43, 0xe0, 0x1e, 0xe0, 0x08, 0x00, 0x00, 
  0xe0, 0x02, 0xe0, 0x0c, 0xe0, 0x28, 0xe0, 0x50, 0xe0, 0x84, 0xe8, 0xcb, 0xf1, 0xf8, 0xf1, 0xf3, 0xe4, 0xb4, 0xe0, 0x71, 0xe0, 0x42, 0xe0, 0x1e, 0xe0, 0x08, 0x00, 0x00, 
  0xe0, 0x02, 0xe0, 0x0c, 0xe0, 0x27, 0xe0, 0x50, 0xe0, 0x82, 0xe8, 0xc9, 0xf5, 0xf8, 0xf1, 0xf3, 0xe4, 0xb3, 0xe0, 0x70, 0xe0, 0x42, 0xe0, 0x1d, 0xe0, 0x08, 0x00, 0x00, 
  0xe0, 0x02, 0xe0, 0x0c, 0xe0, 0x27, 0xe0, 0x4f, 0xe0, 0x80, 0xe8, 0xc9, 0xf1, 0xf8, 0xf1, 0xf2, 0xe4, 0xb1, 0xe0, 0x6f, 0xe0, 0x41, 0xe0, 0x1d, 0xe0, 0x07, 0x00, 0x00, 
  0xe0, 0x02, 0xe0, 0x0c, 0xe0, 0x27, 0xe0, 0x4e, 0xe0, 0x7f, 0xe8, 0xc7, 0xf1, 0xf8, 0xf1, 0xf1, 0xe4, 0xaf, 0xe0, 0x6e, 0xe0, 0x40, 0xe0, 0x1d, 0xe0, 0x07, 0x00, 0x00, 
  0xe0, 0x02, 0xe0, 0x0c, 0xe0, 0x26, 0xe0, 0x4d, 0xe0, 0x7e, 0xe8, 0xc4, 0xf1, 0xf8, 0xf1, 0xf1, 0xe4, 0xad, 0xe0, 0x6d, 0xe0, 0x40, 0xe0, 0x1c, 0xe0, 0x07, 0x00, 0x00, 
  0xe0, 0x02, 0xe0, 0x0b, 0xe0, 0x26, 0xe0, 0x4c, 0xe0, 0x7d, 0xe8, 0xc4, 0xf1, 0xf7, 0xf1, 0xf1, 0xe4, 0xac, 0xe0, 0x6b, 0xe0, 0x40, 0xe0, 0x1c, 0xe0, 0x07, 0x00, 0x00, 
  0xe0, 0x01, 0xe0, 0x0b, 0xe0, 0x25, 0xe0, 0x4b, 0xe0, 0x7c, 0xe8, 0xc3, 0xf1, 0xf6, 0xf1, 0xef, 0xe4, 0xab, 0xe0, 0x6b, 0xe0, 0x3e, 0xe0, 0x1b, 0xe0, 0x07, 0x00, 0x00, 
  0xe0, 0x01, 0xe0, 0x0b, 0xe0, 0x25, 0xe0, 0x4b, 0xe0, 0x7b, 0xe8, 0xc1, 0xf1, 0xf6, 0xf1, 0xef, 0xe4, 0xa9, 0xe0, 0x69, 0xe0, 0x3e, 0xe0, 0x1b, 0xe0, 0x07, 0x00, 0x00, 
  0xe0, 0x01, 0xe0, 0x0b, 0xe0, 0x24, 0xe0, 0x4a, 0xe0, 0x79, 0xe8, 0xbf, 0xf1, 0xf6, 0xf1, 0xee, 0xe4, 0xa7, 0xe0, 0x68, 0xe0, 0x3d, 0xe0, 0x1a, 0xe0, 0x07, 0x00, 0x00, 
  0xe0, 0x01, 0xe0, 0x0b, 0xe0, 0x24, 0xe0, 0x49, 0xe0, 0x78, 0xe8, 0xbe, 0xf1, 0xf5, 0xf1, 0xed, 0xe4, 0xa5, 0xe0, 0x67, 0xe0, 0x3d, 0xe0, 0x1a, 0xe0, 0x07, 0x00, 0x00, 
  0xe0, 0x01, 0xe0, 0x0b, 0xe0, 0x24, 0xe0, 0x49, 0xe0, 0x76, 0xe8, 0xbc, 0xf1, 0xf5, 0xf1, 0xed, 0xe4, 0xa4, 0xe0, 0x66, 0xe0, 0x3c, 0xe0, 0x1a, 0xe0, 0x07, 0x00, 0x00, 
  0xe0, 0x01, 0xe0, 0x0a, 0xe0, 0x23, 0xe0, 0x48, 0xe0, 0x75, 0xe8, 0xba, 0xf1, 0xf4, 0xf1, 0xec, 0xe4, 0xa2, 0xe0, 0x65, 0xe0, 0x3b, 0xe0, 0x1a, 0xe0, 0x06, 0x00, 0x00, 
  0xe0, 0x01, 0xe0, 0x0a, 0xe0, 0x23, 0xe0, 0x47, 0xe0, 0x74, 0xe8, 0xb9, 0xf1, 0xf4, 0xf1, 0xeb, 0xe4, 0xa1, 0xe0, 0x64, 0xe0, 0x3b, 0xe0, 0x19, 0xe0, 0x06, 0x00, 0x00, 
  0xe0, 0x01, 0xe0, 0x0a, 0xe0, 0x23, 0xe0, 0x46, 0xe0, 0x72, 0xe8, 0xb7, 0xf1, 0xf3, 0xf1, 0xeb, 0xe4, 0x9f, 0xe0, 0x63, 0xe0, 0x3a, 0xe0, 0x19, 0xe0, 0x06, 0x00, 0x00, 
  0xe0, 0x01, 0xe0, 0x0a, 0xe0, 0x22, 0xe0, 0x46, 0xe0, 0x72, 0xe8, 0xb5, 0xf1, 0xf2, 0xf1, 0xea, 0xe4, 0x9d, 0xe0, 0x61, 0xe0, 0x3a, 0xe0, 0x19, 0xe0, 0x06, 0x00, 0x00, 
  0xe0, 0x01, 0xe0, 0x0a, 0xe0, 0x22, 0xe0, 0x45, 0xe0, 0x70, 0xe8, 0xb4, 0xf1, 0xf1, 0xf1, 0xe9, 0xe4, 0x9c, 0xe0, 0x61, 0xe0, 0x39, 0xe0, 0x18, 0xe0, 0x06, 0x00, 0x00, 
  0xe0, 0x01, 0xe0, 0x0a, 0xe0, 0x21, 0xe0, 0x44, 0xe0, 0x6e, 0xe8, 0xb3, 0xf1, 0xf1, 0xf1, 0xe8, 0xe4, 0x9a, 0xe0, 0x5f, 0xe0, 0x38, 0xe0, 0x18, 0xe0, 0x06, 0x00, 0x00, 
  0xe0, 0x01, 0xe0, 0x0a, 0xe0, 0x20, 0xe0, 0x43, 0xe0, 0x6d, 0xe8, 0xb1, 0xf1, 0xf1, 0xf1, 0xe8, 0xe4, 0x99, 0xe0, 0x5e, 0xe0, 0x38, 0xe0, 0x18, 0xe0, 0x06, 0x00, 0x00, 
  0xe0, 0x01, 0xe0, 0x09, 0xe0, 0x20, 0xe0, 0x42, 0xe0, 0x6c, 0xe8, 0xb0, 0xf1, 0xf0, 0xf1, 0xe6, 0xe4, 0x97, 0xe0, 0x5d, 0xe0, 0x37, 0xe0, 0x17, 0xe0, 0x06, 0x00, 0x00, 
  0x00, 0x00, 0xe0, 0x09, 0xe0, 0x20, 0xe0, 0x42, 0xe0, 0x6b, 0xe8, 0xae, 0xf1, 0xef, 0xf1, 0xe6, 0xe4, 0x95, 0xe0, 0x5c, 0xe0, 0x36, 0xe0, 0x17, 0xe0, 0x06, 0x00, 0x00, 
  0x00, 0x00, 0xe0, 0x09, 0xe0, 0x1f, 0xe0, 0x41, 0xe0, 0x6a, 0xe8, 0xac, 0xf1, 0xee, 0xf1, 0xe5, 0xe4, 0x93, 0xe0, 0x5b, 0xe0, 0x35, 0xe0, 0x17, 0xe0, 0x05, 0x00, 0x00, 
  0x00, 0x00, 0xe0, 0x09, 0xe0, 0x1f, 0xe0, 0x40, 0xe0, 0x68, 0xe8, 0xab, 0xf1, 0xee, 0xf1, 0xe4, 0xe4, 0x92, 0xe0, 0x5a, 0xe0, 0x35, 0xe0, 0x17, 0xe0, 0x05, 0x00, 0x00, 
  0x00, 0x00, 0xe0, 0x09, 0xe0, 0x1f, 0xe0, 0x40, 0xe0, 0x67, 0xe8, 0xa9, 0xf1, 0xed, 0xf1, 0xe3, 0xe4, 0x91, 0xe0, 0x59, 0xe0, 0x34, 0xe0, 0x16, 0xe0, 0x05, 0x00, 0x00, 
  0x00, 0x00, 0xe0, 0x09, 0xe0, 0x1e, 0xe0, 0x3f, 0xe0, 0x65, 0xe8, 0xa6, 0xf1, 0xec, 0xf1, 0xe2, 0xe4, 0x8e, 0xe0, 0x58, 0xe0, 0x34, 0xe0, 0x16, 0xe0, 0x05, 0x00, 0x00, 
  0x00, 0x00, 0xe0, 0x08, 0xe0, 0x1e, 0xe0, 0x3e, 0xe0, 0x64, 0xe8, 0xa5, 0xf1, 0xec, 0xf1, 0xe1, 0xe4, 0x8d, 0xe0, 0x57, 0xe0, 0x33, 0xe0, 0x16, 0xe0, 0x05, 0x00, 0x00, 
  0x00, 0x00, 0xe0, 0x08, 0xe0, 0x1d, 0xe0, 0x3d, 0xe0, 0x63, 0xe4, 0xa3, 0xf1, 0xeb, 0xf1, 0xe0, 0xe4, 0x8b, 0xe0, 0x56, 0xe0, 0x33, 0xe0, 0x15, 0xe0, 0x05, 0x00, 0x00, 
  0x00, 0x00, 0xe0, 0x08, 0xe0, 0x1d, 0xe0, 0x3c, 0xe0, 0x62, 0xe8, 0xa1, 0xf1, 0xea, 0xf1, 0xdf, 0xe4, 0x8a, 0xe0, 0x54, 0xe0, 0x32, 0xe0, 0x15, 0xe0, 0x05, 0x00, 0x00, 
  0x00, 0x00, 0xe0, 0x08, 0xe0, 0x1d, 0xe0, 0x3c, 0xe0, 0x61, 0xe8, 0xa0, 0xf1, 0xe9, 0xf1, 0xde, 0xe4, 0x87, 0xe0, 0x54, 0xe0, 0x31, 0xe0, 0x15, 0xe0, 0x05, 0x00, 0x00, 
  0x00, 0x00, 0xe0, 0x08, 0xe0, 0x1c, 0xe0, 0x3b, 0xe0, 0x5f, 0xe4, 0x9e, 0xf1, 0xe8, 0xf1, 0xdd, 0xe4, 0x86, 0xe0, 0x52, 0xe0, 0x31, 0xe0, 0x14, 0xe0, 0x05, 0x00, 0x00, 
  0x00, 0x00, 0xe0, 0x08, 0xe0, 0x1c, 0xe0, 0x3a, 0xe0, 0x5e, 0xe4, 0x9c, 0xf1, 0xe7, 0xf1, 0xdc, 0xe4, 0x84, 0xe0, 0x52, 0xe0, 0x30, 0xe0, 0x14, 0xe0, 0x05, 0x00, 0x00, 
  0x00, 0x00, 0xe0, 0x08, 0xe0, 0x1b, 0xe0, 0x3a, 0xe0, 0x5d, 0xe4, 0x9b, 0xf1, 0xe6, 0xf1, 0xdb, 0xe4, 0x82, 0xe0, 0x51, 0xe0, 0x2f, 0xe0, 0x13, 0xe0, 0x05, 0x00, 0x00, 
  0x00, 0x00, 0xe0, 0x07, 0xe0, 0x1b, 0xe0, 0x39, 0xe0, 0x5b, 0xe4, 0x98, 0xf1, 0xe6, 0xf1, 0xd9, 0xe4, 0x80, 0xe0, 0x50, 0xe0, 0x2f, 0xe0, 0x13, 0xe0, 0x04, 0x00, 0x00, 
  0x00, 0x00, 0xe0, 0x07, 0xe0, 0x1b, 0xe0, 0x38, 0xe0, 0x5a, 0xe4, 0x97, 0xf1, 0xe4, 0xf1, 0xd8, 0xe4, 0x7f, 0xe0, 0x4f, 0xe0, 0x2e, 0xe0, 0x13, 0xe0, 0x04, 0x00, 0x00, 
  0x00, 0x00, 0xe0, 0x07, 0xe0, 0x1a, 0xe0, 0x37, 0xe0, 0x59, 0xe4, 0x95, 0xf1, 0xe4, 0xf1, 0xd7, 0xe4, 0x7d, 0xe0, 0x4d, 0xe0, 0x2e, 0xe0, 0x12, 0xe0, 0x04, 0x00, 0x00, 
  0x00, 0x00, 0xe0, 0x07, 0xe0, 0x1a, 0xe0, 0x37, 0xe0, 0x58, 0xe4, 0x93, 0xf1, 0xe2, 0xf1, 0xd6, 0xe4, 0x7b, 0xe0, 0x4d, 0xe0, 0x2d, 0xe0, 0x12, 0xe0, 0x04, 0x00, 0x00, 
  0x00, 0x00, 0xe0, 0x07, 0xe0, 0x1a, 0xe0, 0x36, 0xe0, 0x57, 0xe4, 0x91, 0xf1, 0xe1, 0xf1, 0xd5, 0xe4, 0x79, 0xe0, 0x4b, 0xe0, 0x2c, 0xe0, 0x12, 0xe0, 0x04, 0x00, 0x00, 
  0x00, 0x00, 0xe0, 0x07, 0xe0, 0x19, 0xe0, 0x35, 0xe0, 0x56, 0xe4, 0x8f, 0xf1, 0xe0, 0xf1, 0xd2, 0xe4, 0x78, 0xe0, 0x4a, 0xe0, 0x2c, 0xe0, 0x12, 0xe0, 0x04, 0x00, 0x00, 
  0x00, 0x00, 0xe0, 0x07, 0xe0, 0x19, 0xe0, 0x34, 0xe0, 0x54, 0xe4, 0x8d, 0xf1, 0xdf, 0xf1, 0xd2, 0xe4, 0x76, 0xe0, 0x49, 0xe0, 0x2b, 0xe0, 0x11, 0xe0, 0x04, 0x00, 0x00, 
  0x00, 0x00, 0xe0, 0x07, 0xe0, 0x19, 0xe0, 0x33, 0xe0, 0x53, 0xe4, 0x8c, 0xf1, 0xdd, 0xf1, 0xcf, 0xe4, 0x75, 0xe0, 0x48, 0xe0, 0x2a, 0xe0, 0x11, 0xe0, 0x04, 0x00, 0x00, 
  0x00, 0x00, 0xe0, 0x06, 0xe0, 0x18, 0xe0, 0x33, 0xe0, 0x51, 0xe4, 0x8b, 0xf1, 0xdc, 0xf1, 0xce, 0xe4, 0x73, 0xe0, 0x47, 0xe0, 0x2a, 0xe0, 0x11, 0xe0, 0x03, 0x00, 0x00, 
  0x00, 0x00, 0xe0, 0x06, 0xe0, 0x18, 0xe0, 0x32, 0xe0, 0x50, 0xe4, 0x88, 0xf1, 0xda, 0xf1, 0xcc, 0xe4, 0x71, 0xe0, 0x46, 0xe0, 0x29, 0xe0, 0x11, 0xe0, 0x03, 0x00, 0x00, 
  0x00, 0x00, 0xe0, 0x06, 0xe0, 0x17, 0xe0, 0x31, 0xe0, 0x4f, 0xe4, 0x86, 0xf1, 0xd9, 0xf1, 0xca, 0xe4, 0x6f, 0xe0, 0x45, 0xe0, 0x28, 0xe0, 0x10, 0xe0, 0x03, 0x00, 0x00, 
  0x00, 0x00, 0xe0, 0x06, 0xe0, 0x17, 0xe0, 0x31, 0xe0, 0x4d, 0xe4, 0x84, 0xf1, 0xd7, 0xf1, 0xc8, 0xe4, 0x6e, 0xe0, 0x43, 0xe0, 0x28, 0xe0, 0x10, 0xe0, 0x03, 0x00, 0x00, 
  0x00, 0x00, 0xe0, 0x06, 0xe0, 0x16, 0xe0, 0x30, 0xe0, 0x4d, 0xe4, 0x82, 0xf1, 0xd6, 0xf1, 0xc7, 0xe4, 0x6c, 0xe0, 0x42, 0xe0, 0x27, 0xe0, 0x10, 0xe0, 0x03, 0x00, 0x00, 
  0x00, 0x00, 0xe0, 0x06, 0xe0, 0x16, 0xe0, 0x2f, 0xe0, 0x4b, 0xe4, 0x81, 0xf1, 0xd3, 0xf1, 0xc5, 0xe4, 0x6a, 0xe0, 0x41, 0xe0, 0x27, 0xe0, 0x10, 0xe0, 0x03, 0x00, 0x00, 
  0x00, 0x00, 0xe0, 0x06, 0xe0, 0x16, 0xe0, 0x2e, 0xe0, 0x4a, 0xe4, 0x7f, 0xf1, 0xd1, 0xf1, 0xc3, 0xe4, 0x69, 0xe0, 0x40, 0xe0, 0x26, 0xe0, 0x0f, 0xe0, 0x03, 0x00, 0x00, 
  0x00, 0x00, 0xe0, 0x06, 0xe0, 0x15, 0xe0, 0x2e, 0xe0, 0x48, 0xe4, 0x7d, 0xf1, 0xd0, 0xf1, 0xc0, 0xe4, 0x67, 0xe0, 0x3f, 0xe0, 0x25, 0xe0, 0x0f, 0xe0, 0x03, 0x00, 0x00, 
  0x00, 0x00, 0xe0, 0x06, 0xe0, 0x15, 0xe0, 0x2d, 0xe0, 0x47, 0xe4, 0x7b, 0xf1, 0xce, 0xf1, 0xbe, 0xe4, 0x65, 0xe0, 0x3e, 0xe0, 0x25, 0xe0, 0x0f, 0xe0, 0x03, 0x00, 0x00, 
  0x00, 0x00, 0xe0, 0x06, 0xe0, 0x14, 0xe0, 0x2c, 0xe0, 0x46, 0xe4, 0x79, 0xf1, 0xcc, 0xf1, 0xbc, 0xe4, 0x64, 0xe0, 0x3d, 0xe0, 0x24, 0xe0, 0x0e, 0xe0, 0x03, 0x00, 0x00, 
  0x00, 0x00, 0xe0, 0x05, 0xe0, 0x14, 0xe0, 0x2b, 0xe0, 0x44, 0xe4, 0x77, 0xf1, 0xca, 0xf1, 0xb9, 0xe4, 0x62, 0xe0, 0x3c, 0xe0, 0x24, 0xe0, 0x0e, 0xe0, 0x02, 0x00, 0x00, 
  0x00, 0x00, 0xe0, 0x05, 0xe0, 0x14, 0xe0, 0x2a, 0xe0, 0x44, 0xe4, 0x75, 0xf1, 0xc8, 0xed, 0xb7, 0xe4, 0x60, 0xe0, 0x3b, 0xe0, 0x23, 0xe0, 0x0e, 0xe0, 0x02, 0x00, 0x00, 
  0x00, 0x00, 0xe0, 0x05, 0xe0, 0x13, 0xe0, 0x2a, 0xe0, 0x42, 0xe4, 0x73, 0xf1, 0xc4, 0xed, 0xb4, 0xe4, 0x5e, 0xe0, 0x3a, 0xe0, 0x22, 0xe0, 0x0e, 0xe0, 0x02, 0x00, 0x00, 
  0x00, 0x00, 0xe0, 0x05, 0xe0, 0x13, 0xe0, 0x29, 0xe0, 0x40, 0xe4, 0x70, 0xf1, 0xc2, 0xed, 0xb1, 0xe4, 0x5b, 0xe0, 0x38, 0xe0, 0x21, 0xe0, 0x0d, 0xe0, 0x02, 0x00, 0x00, 
  0x00, 0x00, 0xe0, 0x05, 0xe0, 0x12, 0xe0, 0x27, 0xe0, 0x3e, 0xe4, 0x6d, 0xed, 0xbe, 0xed, 0xae, 0xe4, 0x58, 0xe0, 0x36, 0xe0, 0x20, 0xe0, 0x0d, 0xe0, 0x02, 0x00, 0x00, 
  0x00, 0x00, 0xe0, 0x05, 0xe0, 0x11, 0xe0, 0x26, 0xe0, 0x3c, 0xe4, 0x6a, 0xed, 0xbb, 0xed, 0xa9, 0xe4, 0x55, 0xe0, 0x34, 0xe0, 0x1f, 0xe0, 0x0d, 0xe0, 0x02, 0x00, 0x00, 
  0x00, 0x00, 0xe0, 0x04, 0xe0, 0x11, 0xe0, 0x24, 0xe0, 0x39, 0xe4, 0x66, 0xed, 0xb7, 0xed, 0xa6, 0xe4, 0x52, 0xe0, 0x32, 0xe0, 0x1e, 0xe0, 0x0c, 0xe0, 0x02, 0x00, 0x00, 
  0x00, 0x00, 0xe0, 0x04, 0xe0, 0x10, 0xe0, 0x22, 0xe0, 0x35, 0xe4, 0x61, 0xed, 0xb3, 0xed, 0xa0, 0xe4, 0x4d, 0xe0, 0x2f, 0xe0, 0x1c, 0xe0, 0x0b, 0xe0, 0x02, 0x00, 0x00, 
  0x00, 0x00, 0xe0, 0x03, 0xe0, 0x0f, 0xe0, 0x1f, 0xe0, 0x31, 0xe4, 0x5b, 0xed, 0xae, 0xed, 0x9b, 0xe4, 0x47, 0xe0, 0x2b, 0xe0, 0x19, 0xe0, 0x0a, 0xe0, 0x02, 0x00, 0x00, 
  0x00, 0x00, 0xe0, 0x03, 0xe0, 0x0d, 0xe0, 0x1c, 0xe0, 0x2d, 0xe4, 0x54, 0xec, 0xa4, 0xec, 0x91, 0xe4, 0x41, 0xe0, 0x27, 0xe0, 0x17, 0xe0, 0x09, 0xe0, 0x01, 0x00, 0x00, 
  0x00, 0x00, 0xe0, 0x02, 0xe0, 0x0b, 0xe0, 0x19, 0xe0, 0x28, 0xe4, 0x4b, 0xec, 0x93, 0xec, 0x7f, 0xe4, 0x3a, 0xe0, 0x22, 0xe0, 0x14, 0xe0, 0x08, 0xe0, 0x01, 0x00, 0x00, 
  0x00, 0x00, 0xe0, 0x02, 0xe0, 0x0a, 0xe0, 0x16, 0xe0, 0x22, 0xe4, 0x40, 0xe8, 0x7a, 0xe8, 0x6a, 0xe4, 0x32, 0xe0, 0x1e, 0xe0, 0x12, 0xe0, 0x07, 0xe0, 0x01, 0x00, 0x00, 
  0x00, 0x00, 0xe0, 0x02, 0xe0, 0x09, 0xe0, 0x12, 0xe0, 0x1d, 0xe4, 0x33, 0xe8, 0x5c, 0xe8, 0x51, 0xe4, 0x28, 0xe0, 0x19, 0xe0, 0x0f, 0xe0, 0x06, 0x00, 0x00, 0x00, 0x00, 
  0x00, 0x00, 0xe0, 0x01, 0xe0, 0x07, 0xe0, 0x0e, 0xe0, 0x17, 0xe4, 0x26, 0xe8, 0x3f, 0xe8, 0x39, 0xe0, 0x20, 0xe0, 0x14, 0xe0, 0x0c, 0xe0, 0x05, 0x00, 0x00, 0x00, 0x00, 
  0x00, 0x00, 0xe0, 0x01, 0xe0, 0x05, 0xe0, 0x0c, 0xe0, 0x12, 0xe0, 0x1b, 0xe4, 0x28, 0xe4, 0x24, 0xe0, 0x17, 0xe0, 0x10, 0xe0, 0x09, 0xe0, 0x04, 0x00, 0x00, 0x00, 0x00, 
  0x00, 0x00, 0x00, 0x00, 0xe0, 0x04, 0xe0, 0x07, 0xe0, 0x0c, 0xe0, 0x11, 0xe4, 0x17, 0xe0, 0x15, 0xe0, 0x10, 0xe0, 0x0b, 0xe0, 0x06, 0xe0, 0x03, 0x00, 0x00, 0x00, 0x00, 
  0x00, 0x00, 0x00, 0x00, 0xe0, 0x01, 0xe0, 0x03, 0xe0, 0x06, 0xe0, 0x08, 0xe0, 0x0a, 0xe0, 0x0a, 0xe0, 0x08, 0xe0, 0x06, 0xe0, 0x04, 0xe0, 0x01, 0x00, 0x00, 0x00, 0x00, 
  0x00, 0x00, 0x00, 0x00, 0x00, 0x00, 0xe0, 0x01, 0xe0, 0x01, 0xe0, 0x02, 0xe0, 0x03, 0xe0, 0x03, 0xe0, 0x03, 0xe0, 0x02, 0xe0, 0x01, 0x00, 0x00, 0x00, 0x00, 0x00, 0x00, 
#endif
#if LV_COLOR_DEPTH == 16 && LV_COLOR_16_SWAP == 0
  /*Pixel format: Alpha 8 bit, Red: 5 bit, Green: 6 bit, Blue: 5 bit*/
  0x70, 0xfd, 0x12, 0xc6, 0xfb, 0x15, 0xe2, 0xfa, 0x0e, 0x40, 0xfa, 0x07, 0x00, 0xfa, 0x04, 0x00, 0xfc, 0x02, 0x00, 0xf8, 0x01, 0x00, 0xf8, 0x01, 0xe0, 0xff, 0x01, 0xa0, 0xfa, 0x03, 0x40, 0xfa, 0x07, 0x20, 0xfb, 0x0d, 0xc6, 0xfb, 0x11, 0x2e, 0xfd, 0x0e, 
  0x0d, 0xfd, 0x1b, 0x70, 0xfd, 0x31, 0x48, 0xfc, 0x2f, 0xc3, 0xfb, 0x20, 0x61, 0xfb, 0x18, 0x80, 0xfb, 0x10, 0x00, 0xfc, 0x0c, 0x00, 0xfc, 0x0c, 0xc0, 0xfb, 0x0f, 0x62, 0xfb, 0x15, 0x82, 0xfb, 0x20, 0x07, 0xfc, 0x2c, 0x4d, 0xfd, 0x2b, 0x91, 0xfd, 0x17, 
  0x85, 0xfb, 0x12, 0x0c, 0xfd, 0x37, 0x70, 0xfd, 0x59, 0x2e, 0xfd, 0x5e, 0xaa, 0xfc, 0x56, 0xa8, 0xfc, 0x4c, 0x2b, 0xfd, 0x4a, 0xa7, 0xfc, 0x42, 0x87, 0xfc, 0x49, 0xaa, 0xfc, 0x54, 0xec, 0xfc, 0x5e, 0x70, 0xfd, 0x58, 0x2f, 0xfd, 0x37, 0x88, 0xfc, 0x10, 
  0xc0, 0xf9, 0x09, 0x04, 0xfb, 0x23, 0x29, 0xfc, 0x50, 0x0e, 0xfd, 0x79, 0x6f, 0xfd, 0x91, 0x34, 0xfe, 0xa7, 0x19, 0xff, 0xd4, 0x18, 0xff, 0xc8, 0x13, 0xfe, 0xa4, 0x70, 0xfd, 0x96, 0x2f, 0xfd, 0x82, 0x8b, 0xfc, 0x57, 0xa5, 0xfb, 0x25, 0x00, 0xfa, 0x08, 
  0x00, 0xf8, 0x04, 0x40, 0xf9, 0x14, 0xc1, 0xf9, 0x34, 0x83, 0xfa, 0x5c, 0x67, 0xfb, 0x83, 0x0d, 0xfd, 0xa9, 0xd8, 0xfe, 0xe1, 0xf8, 0xfe, 0xe1, 0xec, 0xfc, 0xaa, 0xc8, 0xfb, 0x8a, 0xc4, 0xfa, 0x62, 0x21, 0xfa, 0x36, 0xc0, 0xf9, 0x13, 0x00, 0xf8, 0x03, 
  0x00, 0xf8, 0x03, 0x00, 0xf8, 0x10, 0x60, 0xf8, 0x29, 0xa0, 0xf8, 0x4c, 0x61, 0xf9, 0x76, 0xc1, 0xfa, 0x9a, 0x12, 0xfe, 0xce, 0xf2, 0xfd, 0xd2, 0x61, 0xfa, 0x98, 0x41, 0xf9, 0x76, 0xe0, 0xf8, 0x4b, 0xa0, 0xf8, 0x26, 0xa0, 0xf8, 0x0c, 0x00, 0xf8, 0x02, 
  0x00, 0xf8, 0x03, 0x00, 0xf8, 0x10, 0x00, 0xf8, 0x2a, 0x20, 0xf8, 0x4e, 0xc0, 0xf8, 0x7d, 0x40, 0xfa, 0xaa, 0xf2, 0xfd, 0xd7, 0xd1, 0xfd, 0xd8, 0xc0, 0xf9, 0xa5, 0x60, 0xf8, 0x75, 0x20, 0xf8, 0x47, 0x00, 0xf8, 0x23, 0x00, 0xf8, 0x0b, 0x00, 0xf8, 0x02, 
  0x00, 0xf8, 0x04, 0x00, 0xf8, 0x11, 0x00, 0xf8, 0x2c, 0x00, 0xf8, 0x55, 0xa0, 0xf8, 0x8a, 0x40, 0xfa, 0xbb, 0xd1, 0xfd, 0xe1, 0xb0, 0xfd, 0xe4, 0xa0, 0xf9, 0xb4, 0x60, 0xf8, 0x7b, 0x00, 0xf8, 0x49, 0x00, 0xf8, 0x23, 0x00, 0xf8, 0x0b, 0x00, 0xf8, 0x02, 
  0x00, 0xf8, 0x04, 0x00, 0xf8, 0x11, 0x00, 0xf8, 0x2f, 0x00, 0xf8, 0x59, 0xa0, 0xf8, 0x90, 0x20, 0xfa, 0xc9, 0xb0, 0xfd, 0xe8, 0xb0, 0xfd, 0xea, 0xa0, 0xf9, 0xbc, 0x60, 0xf8, 0x7e, 0x00, 0xf8, 0x4c, 0x00, 0xf8, 0x24, 0x00, 0xf8, 0x0b, 0x00, 0xf8, 0x02, 
  0x00, 0xf8, 0x03, 0x00, 0xf8, 0x11, 0x00, 0xf8, 0x2f, 0x00, 0xf8, 0x5d, 0xa0, 0xf8, 0x96, 0x20, 0xfa, 0xd2, 0xb0, 0xfd, 0xee, 0xb0, 0xfd, 0xee, 0xa0, 0xf9, 0xc3, 0x40, 0xf8, 0x81, 0x00, 0xf8, 0x4d, 0x00, 0xf8, 0x24, 0x00, 0xf8, 0x0b, 0x00, 0xf8, 0x02, 
  0x00, 0xf8, 0x03, 0x00, 0xf8, 0x11, 0x00, 0xf8, 0x30, 0x00, 0xf8, 0x5d, 0xa0, 0xf8, 0x98, 0x20, 0xfa, 0xd6, 0x8f, 0xfd, 0xf1, 0x90, 0xfd, 0xf2, 0xa0, 0xf9, 0xc4, 0x40, 0xf8, 0x83, 0x00, 0xf8, 0x4d, 0x00, 0xf8, 0x25, 0x00, 0xf8, 0x0b, 0x00, 0xf8, 0x02, 
  0x00, 0xf8, 0x03, 0x00, 0xf8, 0x12, 0x00, 0xf8, 0x30, 0x00, 0xf8, 0x5e, 0x80, 0xf8, 0x9a, 0x20, 0xfa, 0xd8, 0x8f, 0xfd, 0xf4, 0x90, 0xfd, 0xf3, 0xa0, 0xf9, 0xc8, 0x40, 0xf8, 0x84, 0x00, 0xf8, 0x4e, 0x00, 0xf8, 0x25, 0x00, 0xf8, 0x0b, 0x00, 0xf8, 0x02, 
  0x00, 0xf8, 0x03, 0x00, 0xf8, 0x11, 0x00, 0xf8, 0x31, 0x00, 0xf8, 0x5f, 0x80, 0xf8, 0x9b, 0x20, 0xfa, 0xdb, 0x8f, 0xfd, 0xf6, 0x90, 0xfd, 0xf6, 0x80, 0xf9, 0xca, 0x40, 0xf8, 0x85, 0x00, 0xf8, 0x4e, 0x00, 0xf8, 0x24, 0x00, 0xf8, 0x0b, 0x00, 0xf8, 0x01, 
  0x00, 0xf8, 0x03, 0x00, 0xf8, 0x11, 0x00, 0xf8, 0x31, 0x00, 0xf8, 0x5f, 0xa0, 0xf8, 0x9b, 0x20, 0xfa, 0xdc, 0x6f, 0xfd, 0xf7, 0x6f, 0xfd, 0xf6, 0x80, 0xf9, 0xcb, 0x40, 0xf8, 0x86, 0x00, 0xf8, 0x4f, 0x00, 0xf8, 0x25, 0x00, 0xf8, 0x0b, 0x00, 0xf8, 0x01, 
  0x00, 0xf8, 0x03, 0x00, 0xf8, 0x11, 0x00, 0xf8, 0x31, 0x00, 0xf8, 0x60, 0x80, 0xf8, 0x9c, 0x00, 0xfa, 0xdf, 0x4e, 0xfd, 0xf8, 0x4f, 0xfd, 0xf7, 0x80, 0xf9, 0xcd, 0x40, 0xf8, 0x86, 0x00, 0xf8, 0x4f, 0x00, 0xf8, 0x24, 0x00, 0xf8, 0x0b, 0x00, 0xf8, 0x01, 
  0x00, 0xf8, 0x03, 0x00, 0xf8, 0x12, 0x00, 0xf8, 0x30, 0x00, 0xf8, 0x5f, 0x80, 0xf8, 0x9c, 0x20, 0xfa, 0xe0, 0x2d, 0xfd, 0xf9, 0x2e, 0xfd, 0xf7, 0x80, 0xf9, 0xce, 0x40, 0xf8, 0x86, 0x00, 0xf8, 0x4f, 0x00, 0xf8, 0x24, 0x00, 0xf8, 0x0b, 0x00, 0xf8, 0x01, 
  0x00, 0xf8, 0x03, 0x00, 0xf8, 0x11, 0x00, 0xf8, 0x30, 0x00, 0xf8, 0x5f, 0x80, 0xf8, 0x9c, 0x00, 0xfa, 0xdf, 0x2d, 0xfd, 0xfa, 0x2e, 0xfd, 0xf9, 0x80, 0xf9, 0xcd, 0x40, 0xf8, 0x87, 0x00, 0xf8, 0x4f, 0x00, 0xf8, 0x24, 0x00, 0xf8, 0x0b, 0x00, 0xf8, 0x01, 
  0x00, 0xf8, 0x03, 0x00, 0xf8, 0x11, 0x00, 0xf8, 0x30, 0x00, 0xf8, 0x5e, 0x80, 0xf8, 0x9b, 0x00, 0xfa, 0xe0, 0x2d, 0xfd, 0xfb, 0x2e, 0xfd, 0xf9, 0x80, 0xf9, 0xcd, 0x40, 0xf8, 0x85, 0x00, 0xf8, 0x4e, 0x00, 0xf8, 0x24, 0x00, 0xf8, 0x0b, 0x00, 0xf8, 0x01, 
  0x00, 0xf8, 0x03, 0x00, 0xf8, 0x11, 0x00, 0xf8, 0x2f, 0x00, 0xf8, 0x5e, 0x80, 0xf8, 0x9b, 0x00, 0xfa, 0xdf, 0x2d, 0xfd, 0xfc, 0x2e, 0xfd, 0xfa, 0x80, 0xf9, 0xcc, 0x40, 0xf8, 0x85, 0x00, 0xf8, 0x4e, 0x00, 0xf8, 0x24, 0x00, 0xf8, 0x0a, 0x00, 0xf8, 0x01, 
  0x00, 0xf8, 0x03, 0x00, 0xf8, 0x10, 0x00, 0xf8, 0x30, 0x00, 0xf8, 0x5d, 0x80, 0xf8, 0x99, 0x00, 0xfa, 0xdf, 0x2d, 0xfd, 0xfd, 0x2e, 0xfd, 0xfb, 0x80, 0xf9, 0xcc, 0x40, 0xf8, 0x84, 0x00, 0xf8, 0x4e, 0x00, 0xf8, 0x24, 0x00, 0xf8, 0x0a, 0x00, 0xf8, 0x01, 
  0x00, 0xf8, 0x03, 0x00, 0xf8, 0x10, 0x00, 0xf8, 0x2f, 0x00, 0xf8, 0x5c, 0x80, 0xf8, 0x99, 0x00, 0xfa, 0xdf, 0x2d, 0xfd, 0xfd, 0x2e, 0xfd, 0xfb, 0x80, 0xf9, 0xcb, 0x40, 0xf8, 0x84, 0x00, 0xf8, 0x4d, 0x00, 0xf8, 0x23, 0x00, 0xf8, 0x0a, 0x00, 0xf8, 0x01, 
  0x00, 0xf8, 0x03, 0x00, 0xf8, 0x10, 0x00, 0xf8, 0x2f, 0x00, 0xf8, 0x5c, 0x60, 0xf8, 0x98, 0x00, 0xfa, 0xdf, 0x2d, 0xfd, 0xfe, 0x2e, 0xfd, 0xfb, 0x60, 0xf9, 0xca, 0x40, 0xf8, 0x83, 0x00, 0xf8, 0x4c, 0x00, 0xf8, 0x23, 0x00, 0xf8, 0x0a, 0x00, 0xf8, 0x01, 
  0x00, 0xf8, 0x03, 0x00, 0xf8, 0x10, 0x00, 0xf8, 0x2e, 0x00, 0xf8, 0x5b, 0x80, 0xf8, 0x96, 0x00, 0xfa, 0xdd, 0x2d, 0xfd, 0xfe, 0x2e, 0xfd, 0xfa, 0x80, 0xf9, 0xc8, 0x40, 0xf8, 0x81, 0x00, 0xf8, 0x4c, 0x00, 0xf8, 0x23, 0x00, 0xf8, 0x0a, 0x00, 0xf8, 0x01, 
  0x00, 0xf8, 0x02, 0x00, 0xf8, 0x10, 0x00, 0xf8, 0x2e, 0x00, 0xf8, 0x5a, 0x80, 0xf8, 0x95, 0xe0, 0xf9, 0xdc, 0x2d, 0xfd, 0xfd, 0x2e, 0xfd, 0xfa, 0x60, 0xf9, 0xc7, 0x40, 0xf8, 0x7f, 0x00, 0xf8, 0x4b, 0x00, 0xf8, 0x22, 0x00, 0xf8, 0x0a, 0x00, 0xf8, 0x01, 
  0x00, 0xf8, 0x02, 0x00, 0xf8, 0x10, 0x00, 0xf8, 0x2d, 0x00, 0xf8, 0x59, 0x80, 0xf8, 0x93, 0x00, 0xfa, 0xdb, 0x0c, 0xfd, 0xfd, 0x0d, 0xfd, 0xfa, 0x60, 0xf9, 0xc6, 0x40, 0xf8, 0x7e, 0x00, 0xf8, 0x4a, 0x00, 0xf8, 0x22, 0x00, 0xf8, 0x0a, 0x00, 0xf8, 0x01, 
  0x00, 0xf8, 0x02, 0x00, 0xf8, 0x10, 0x00, 0xf8, 0x2d, 0x00, 0xf8, 0x59, 0x80, 0xf8, 0x92, 0xe0, 0xf9, 0xd9, 0xeb, 0xfc, 0xfc, 0xec, 0xfc, 0xf9, 0x60, 0xf9, 0xc4, 0x40, 0xf8, 0x7d, 0x00, 0xf8, 0x4a, 0x00, 0xf8, 0x22, 0x00, 0xf8, 0x09, 0x00, 0xf8, 0x01, 
  0x00, 0xf8, 0x02, 0x00, 0xf8, 0x0f, 0x00, 0xf8, 0x2c, 0x00, 0xf8, 0x58, 0x80, 0xf8, 0x91, 0xe0, 0xf9, 0xd8, 0xca, 0xfc, 0xfc, 0xab, 0xfc, 0xf9, 0x60, 0xf9, 0xc3, 0x40, 0xf8, 0x7d, 0x00, 0xf8, 0x49, 0x00, 0xf8, 0x21, 0x00, 0xf8, 0x09, 0x00, 0xf8, 0x01, 
  0x00, 0xf8, 0x02, 0x00, 0xf8, 0x0f, 0x00, 0xf8, 0x2c, 0x00, 0xf8, 0x57, 0x80, 0xf8, 0x90, 0xe0, 0xf9, 0xd7, 0xca, 0xfc, 0xfb, 0xab, 0xfc, 0xf8, 0x60, 0xf9, 0xc2, 0x40, 0xf8, 0x7b, 0x00, 0xf8, 0x48, 0x00, 0xf8, 0x21, 0x00, 0xf8, 0x09, 0x00, 0x00, 0x00, 
  0x00, 0xf8, 0x02, 0x00, 0xf8, 0x0f, 0x00, 0xf8, 0x2b, 0x00, 0xf8, 0x56, 0x60, 0xf8, 0x8e, 0xe0, 0xf9, 0xd6, 0xaa, 0xfc, 0xfb, 0xab, 0xfc, 0xf7, 0x60, 0xf9, 0xc0, 0x40, 0xf8, 0x7a, 0x00, 0xf8, 0x48, 0x00, 0xf8, 0x20, 0x00, 0xf8, 0x09, 0x00, 0x00, 0x00, 
  0x00, 0xf8, 0x02, 0x00, 0xf8, 0x0f, 0x00, 0xf8, 0x2b, 0x00, 0xf8, 0x55, 0x60, 0xf8, 0x8d, 0xe0, 0xf9, 0xd4, 0xa9, 0xfc, 0xfa, 0x6a, 0xfc, 0xf7, 0x60, 0xf9, 0xbe, 0x40, 0xf8, 0x79, 0x00, 0xf8, 0x47, 0x00, 0xf8, 0x20, 0x00, 0xf8, 0x09, 0x00, 0x00, 0x00, 
  0x00, 0xf8, 0x02, 0x00, 0xf8, 0x0e, 0x00, 0xf8, 0x2a, 0x00, 0xf8, 0x55, 0x60, 0xf8, 0x8c, 0xe0, 0xf9, 0xd3, 0x89, 0xfc, 0xfa, 0x69, 0xfc, 0xf6, 0x60, 0xf9, 0xbd, 0x20, 0xf8, 0x78, 0x00, 0xf8, 0x46, 0x00, 0xf8, 0x20, 0x00, 0xf8, 0x09, 0x00, 0x00, 0x00, 
  0x00, 0xf8, 0x02, 0x00, 0xf8, 0x0d, 0x00, 0xf8, 0x2a, 0x00, 0xf8, 0x54, 0x60, 0xf8, 0x8a, 0xe0, 0xf9, 0xd1, 0x89, 0xfc, 0xfa, 0x49, 0xfc, 0xf5, 0x40, 0xf9, 0xbb, 0x20, 0xf8, 0x77, 0x00, 0xf8, 0x46, 0x00, 0xf8, 0x20, 0x00, 0xf8, 0x08, 0x00, 0x00, 0x00, 
  0x00, 0xf8, 0x02, 0x00, 0xf8, 0x0d, 0x00, 0xf8, 0x2a, 0x00, 0xf8, 0x53, 0x60, 0xf8, 0x89, 0xe0, 0xf9, 0xd0, 0x89, 0xfc, 0xfa, 0x49, 0xfc, 0xf5, 0x40, 0xf9, 0xba, 0x20, 0xf8, 0x76, 0x00, 0xf8, 0x45, 0x00, 0xf8, 0x1f, 0x00, 0xf8, 0x08, 0x00, 0x00, 0x00, 
  0x00, 0xf8, 0x02, 0x00, 0xf8, 0x0d, 0x00, 0xf8, 0x29, 0x00, 0xf8, 0x52, 0x60, 0xf8, 0x88, 0xe0, 0xf9, 0xcf, 0x89, 0xfc, 0xfa, 0x49, 0xfc, 0xf5, 0x40, 0xf9, 0xb9, 0x20, 0xf8, 0x74, 0x00, 0xf8, 0x44, 0x00, 0xf8, 0x1f, 0x00, 0xf8, 0x08, 0x00, 0x00, 0x00, 
  0x00, 0xf8, 0x02, 0x00, 0xf8, 0x0d, 0x00, 0xf8, 0x29, 0x00, 0xf8, 0x52, 0x60, 0xf8, 0x86, 0xc0, 0xf9, 0xce, 0x89, 0xfc, 0xf9, 0x49, 0xfc, 0xf4, 0x40, 0xf9, 0xb7, 0x20, 0xf8, 0x73, 0x00, 0xf8, 0x44, 0x00, 0xf8, 0x1f, 0x00, 0xf8, 0x08, 0x00, 0x00, 0x00, 
  0x00, 0xf8, 0x02, 0x00, 0xf8, 0x0d, 0x00, 0xf8, 0x28, 0x00, 0xf8, 0x51, 0x60, 0xf8, 0x85, 0xc0, 0xf9, 0xcd, 0x89, 0xfc, 0xf9, 0x49, 0xfc, 0xf3, 0x40, 0xf9, 0xb5, 0x20, 0xf8, 0x72, 0x00, 0xf8, 0x43, 0x00, 0xf8, 0x1e, 0x00, 0xf8, 0x08, 0x00, 0x00, 0x00, 
  0x00, 0xf8, 0x02, 0x00, 0xf8, 0x0c, 0x00, 0xf8, 0x28, 0x00, 0xf8, 0x50, 0x60, 0xf8, 0x84, 0xc0, 0xf9, 0xcb, 0x89, 0xfc, 0xf8, 0x49, 0xfc, 0xf3, 0x40, 0xf9, 0xb4, 0x20, 0xf8, 0x71, 0x00, 0xf8, 0x42, 0x00, 0xf8, 0x1e, 0x00, 0xf8, 0x08, 0x00, 0x00, 0x00, 
  0x00, 0xf8, 0x02, 0x00, 0xf8, 0x0c, 0x00, 0xf8, 0x27, 0x00, 0xf8, 0x50, 0x60, 0xf8, 0x82, 0xc0, 0xf9, 0xc9, 0x89, 0xfc, 0xf8, 0x49, 0xfc, 0xf3, 0x40, 0xf9, 0xb3, 0x20, 0xf8, 0x70, 0x00, 0xf8, 0x42, 0x00, 0xf8, 0x1d, 0x00, 0xf8, 0x08, 0x00, 0x00, 0x00, 
  0x00, 0xf8, 0x02, 0x00, 0xf8, 0x0c, 0x00, 0xf8, 0x27, 0x00, 0xf8, 0x4f, 0x60, 0xf8, 0x80, 0xc0, 0xf9, 0xc9, 0x89, 0xfc, 0xf8, 0x49, 0xfc, 0xf2, 0x20, 0xf9, 0xb1, 0x20, 0xf8, 0x6f, 0x00, 0xf8, 0x41, 0x00, 0xf8, 0x1d, 0x00, 0xf8, 0x07, 0x00, 0x00, 0x00, 
  0x00, 0xf8, 0x02, 0x00, 0xf8, 0x0c, 0x00, 0xf8, 0x27, 0x00, 0xf8, 0x4e, 0x60, 0xf8, 0x7f, 0xc0, 0xf9, 0xc7, 0x89, 0xfc, 0xf8, 0x49, 0xfc, 0xf1, 0x40, 0xf9, 0xaf, 0x20, 0xf8, 0x6e, 0x00, 0xf8, 0x40, 0x00, 0xf8, 0x1d, 0x00, 0xf8, 0x07, 0x00, 0x00, 0x00, 
  0x00, 0xf8, 0x02, 0x00, 0xf8, 0x0c, 0x00, 0xf8, 0x26, 0x00, 0xf8, 0x4d, 0x60, 0xf8, 0x7e, 0xc0, 0xf9, 0xc4, 0x89, 0xfc, 0xf8, 0x49, 0xfc, 0xf1, 0x20, 0xf9, 0xad, 0x20, 0xf8, 0x6d, 0x00, 0xf8, 0x40, 0x00, 0xf8, 0x1c, 0x00, 0xf8, 0x07, 0x00, 0x00, 0x00, 
  0x00, 0xf8, 0x02, 0x00, 0xf8, 0x0b, 0x00, 0xf8, 0x26, 0x00, 0xf8, 0x4c, 0x60, 0xf8, 0x7d, 0xc0, 0xf9, 0xc4, 0x69, 0xfc, 0xf7, 0x49, 0xfc, 0xf1, 0x20, 0xf9, 0xac, 0x20, 0xf8, 0x6b, 0x00, 0xf8, 0x40, 0x00, 0xf8, 0x1c, 0x00, 0xf8, 0x07, 0x00, 0x00, 0x00, 
  0x00, 0xf8, 0x01, 0x00, 0xf8, 0x0b, 0x00, 0xf8, 0x25, 0x00, 0xf8, 0x4b, 0x60, 0xf8, 0x7c, 0xc0, 0xf9, 0xc3, 0x69, 0xfc, 0xf6, 0x4a, 0xfc, 0xef, 0x20, 0xf9, 0xab, 0x20, 0xf8, 0x6b, 0x00, 0xf8, 0x3e, 0x00, 0xf8, 0x1b, 0x00, 0xf8, 0x07, 0x00, 0x00, 0x00, 
  0x00, 0xf8, 0x01, 0x00, 0xf8, 0x0b, 0x00, 0xf8, 0x25, 0x00, 0xf8, 0x4b, 0x60, 0xf8, 0x7b, 0xa0, 0xf9, 0xc1, 0x69, 0xfc, 0xf6, 0x49, 0xfc, 0xef, 0x20, 0xf9, 0xa9, 0x20, 0xf8, 0x69, 0x00, 0xf8, 0x3e, 0x00, 0xf8, 0x1b, 0x00, 0xf8, 0x07, 0x00, 0x00, 0x00, 
  0x00, 0xf8, 0x01, 0x00, 0xf8, 0x0b, 0x00, 0xf8, 0x24, 0x00, 0xf8, 0x4a, 0x40, 0xf8, 0x79, 0xa0, 0xf9, 0xbf, 0x89, 0xfc, 0xf6, 0x49, 0xfc, 0xee, 0x20, 0xf9, 0xa7, 0x20, 0xf8, 0x68, 0x00, 0xf8, 0x3d, 0x00, 0xf8, 0x1a, 0x00, 0xf8, 0x07, 0x00, 0x00, 0x00, 
  0x00, 0xf8, 0x01, 0x00, 0xf8, 0x0b, 0x00, 0xf8, 0x24, 0x00, 0xf8, 0x49, 0x40, 0xf8, 0x78, 0xa0, 0xf9, 0xbe, 0x89, 0xfc, 0xf5, 0x29, 0xfc, 0xed, 0x20, 0xf9, 0xa5, 0x20, 0xf8, 0x67, 0x00, 0xf8, 0x3d, 0x00, 0xf8, 0x1a, 0x00, 0xf8, 0x07, 0x00, 0x00, 0x00, 
  0x00, 0xf8, 0x01, 0x00, 0xf8, 0x0b, 0x00, 0xf8, 0x24, 0x00, 0xf8, 0x49, 0x40, 0xf8, 0x76, 0xa0, 0xf9, 0xbc, 0x89, 0xfc, 0xf5, 0x49, 0xfc, 0xed, 0x20, 0xf9, 0xa4, 0x20, 0xf8, 0x66, 0x00, 0xf8, 0x3c, 0x00, 0xf8, 0x1a, 0x00, 0xf8, 0x07, 0x00, 0x00, 0x00, 
  0x00, 0xf8, 0x01, 0x00, 0xf8, 0x0a, 0x00, 0xf8, 0x23, 0x00, 0xf8, 0x48, 0x40, 0xf8, 0x75, 0xa0, 0xf9, 0xba, 0x69, 0xfc, 0xf4, 0x4a, 0xfc, 0xec, 0x20, 0xf9, 0xa2, 0x20, 0xf8, 0x65, 0x00, 0xf8, 0x3b, 0x00, 0xf8, 0x1a, 0x00, 0xf8, 0x06, 0x00, 0x00, 0x00, 
  0x00, 0xf8, 0x01, 0x00, 0xf8, 0x0a, 0x00, 0xf8, 0x23, 0x00, 0xf8, 0x47, 0x40, 0xf8, 0x74, 0xa0, 0xf9, 0xb9, 0x69, 0xfc, 0xf4, 0x49, 0xfc, 0xeb, 0x00, 0xf9, 0xa1, 0x20, 0xf8, 0x64, 0x00, 0xf8, 0x3b, 0x00, 0xf8, 0x19, 0x00, 0xf8, 0x06, 0x00, 0x00, 0x00, 
  0x00, 0xf8, 0x01, 0x00, 0xf8, 0x0a, 0x00, 0xf8, 0x23, 0x00, 0xf8, 0x46, 0x40, 0xf8, 0x72, 0xa0, 0xf9, 0xb7, 0x69, 0xfc, 0xf3, 0x4a, 0xfc, 0xeb, 0x20, 0xf9, 0x9f, 0x20, 0xf8, 0x63, 0x00, 0xf8, 0x3a, 0x00, 0xf8, 0x19, 0x00, 0xf8, 0x06, 0x00, 0x00, 0x00, 
  0x00, 0xf8, 0x01, 0x00, 0xf8, 0x0a, 0x00, 0xf8, 0x22, 0x00, 0xf8, 0x46, 0x40, 0xf8, 0x72, 0xa0, 0xf9, 0xb5, 0x69, 0xfc, 0xf2, 0x4a, 0xfc, 0xea, 0x20, 0xf9, 0x9d, 0x20, 0xf8, 0x61, 0x00, 0xf8, 0x3a, 0x00, 0xf8, 0x19, 0x00, 0xf8, 0x06, 0x00, 0x00, 0x00, 
  0x00, 0xf8, 0x01, 0x00, 0xf8, 0x0a, 0x00, 0xf8, 0x22, 0x00, 0xf8, 0x45, 0x40, 0xf8, 0x70, 0xa0, 0xf9, 0xb4, 0x69, 0xfc, 0xf1, 0x4a, 0xfc, 0xe9, 0x00, 0xf9, 0x9c, 0x20, 0xf8, 0x61, 0x00, 0xf8, 0x39, 0x00, 0xf8, 0x18, 0x00, 0xf8, 0x06, 0x00, 0x00, 0x00, 
  0x00, 0xf8, 0x01, 0x00, 0xf8, 0x0a, 0x00, 0xf8, 0x21, 0x00, 0xf8, 0x44, 0x40, 0xf8, 0x6e, 0xa0, 0xf9, 0xb3, 0x69, 0xfc, 0xf1, 0x4a, 0xfc, 0xe8, 0x00, 0xf9, 0x9a, 0x20, 0xf8, 0x5f, 0x00, 0xf8, 0x38, 0x00, 0xf8, 0x18, 0x00, 0xf8, 0x06, 0x00, 0x00, 0x00, 
  0x00, 0xf8, 0x01, 0x00, 0xf8, 0x0a, 0x00, 0xf8, 0x20, 0x00, 0xf8, 0x43, 0x40, 0xf8, 0x6d, 0xa0, 0xf9, 0xb1, 0x69, 0xfc, 0xf1, 0x4a, 0xfc, 0xe8, 0x00, 0xf9, 0x99, 0x20, 0xf8, 0x5e, 0x00, 0xf8, 0x38, 0x00, 0xf8, 0x18, 0x00, 0xf8, 0x06, 0x00, 0x00, 0x00, 
  0x00, 0xf8, 0x01, 0x00, 0xf8, 0x09, 0x00, 0xf8, 0x20, 0x00, 0xf8, 0x42, 0x40, 0xf8, 0x6c, 0xa0, 0xf9, 0xb0, 0x69, 0xfc, 0xf0, 0x4a, 0xfc, 0xe6, 0x00, 0xf9, 0x97, 0x20, 0xf8, 0x5d, 0x00, 0xf8, 0x37, 0x00, 0xf8, 0x17, 0x00, 0xf8, 0x06, 0x00, 0x00, 0x00, 
  0x00, 0x00, 0x00, 0x00, 0xf8, 0x09, 0x00, 0xf8, 0x20, 0x00, 0xf8, 0x42, 0x40, 0xf8, 0x6b, 0xa0, 0xf9, 0xae, 0x69, 0xfc, 0xef, 0x4a, 0xfc, 0xe6, 0x00, 0xf9, 0x95, 0x20, 0xf8, 0x5c, 0x00, 0xf8, 0x36, 0x00, 0xf8, 0x17, 0x00, 0xf8, 0x06, 0x00, 0x00, 0x00, 
  0x00, 0x00, 0x00, 0x00, 0xf8, 0x09, 0x00, 0xf8, 0x1f, 0x00, 0xf8, 0x41, 0x20, 0xf8, 0x6a, 0x80, 0xf9, 0xac, 0x69, 0xfc, 0xee, 0x4a, 0xfc, 0xe5, 0x00, 0xf9, 0x93, 0x20, 0xf8, 0x5b, 0x00, 0xf8, 0x35, 0x00, 0xf8, 0x17, 0x00, 0xf8, 0x05, 0x00, 0x00, 0x00, 
  0x00, 0x00, 0x00, 0x00, 0xf8, 0x09, 0x00, 0xf8, 0x1f, 0x00, 0xf8, 0x40, 0x20, 0xf8, 0x68, 0x80, 0xf9, 0xab, 0x69, 0xfc, 0xee, 0x2a, 0xfc, 0xe4, 0x00, 0xf9, 0x92, 0x20, 0xf8, 0x5a, 0x00, 0xf8, 0x35, 0x00, 0xf8, 0x17, 0x00, 0xf8, 0x05, 0x00, 0x00, 0x00, 
  0x00, 0x00, 0x00, 0x00, 0xf8, 0x09, 0x00, 0xf8, 0x1f, 0x00, 0xf8, 0x40, 0x20, 0xf8, 0x67, 0x80, 0xf9, 0xa9, 0x69, 0xfc, 0xed, 0x4a, 0xfc, 0xe3, 0x00, 0xf9, 0x91, 0x20, 0xf8, 0x59, 0x00, 0xf8, 0x34, 0x00, 0xf8, 0x16, 0x00, 0xf8, 0x05, 0x00, 0x00, 0x00, 
  0x00, 0x00, 0x00, 0x00, 0xf8, 0x09, 0x00, 0xf8, 0x1e, 0x00, 0xf8, 0x3f, 0x20, 0xf8, 0x65, 0x80, 0xf9, 0xa6, 0x69, 0xfc, 0xec, 0x4a, 0xfc, 0xe2, 0x00, 0xf9, 0x8e, 0x20, 0xf8, 0x58, 0x00, 0xf8, 0x34, 0x00, 0xf8, 0x16, 0x00, 0xf8, 0x05, 0x00, 0x00, 0x00, 
  0x00, 0x00, 0x00, 0x00, 0xf8, 0x08, 0x00, 0xf8, 0x1e, 0x00, 0xf8, 0x3e, 0x20, 0xf8, 0x64, 0x80, 0xf9, 0xa5, 0x69, 0xfc, 0xec, 0x2a, 0xfc, 0xe1, 0x00, 0xf9, 0x8d, 0x20, 0xf8, 0x57, 0x00, 0xf8, 0x33, 0x00, 0xf8, 0x16, 0x00, 0xf8, 0x05, 0x00, 0x00, 0x00, 
  0x00, 0x00, 0x00, 0x00, 0xf8, 0x08, 0x00, 0xf8, 0x1d, 0x00, 0xf8, 0x3d, 0x20, 0xf8, 0x63, 0x80, 0xf9, 0xa3, 0x69, 0xfc, 0xeb, 0x4a, 0xfc, 0xe0, 0x00, 0xf9, 0x8b, 0x20, 0xf8, 0x56, 0x00, 0xf8, 0x33, 0x00, 0xf8, 0x15, 0x00, 0xf8, 0x05, 0x00, 0x00, 0x00, 
  0x00, 0x00, 0x00, 0x00, 0xf8, 0x08, 0x00, 0xf8, 0x1d, 0x00, 0xf8, 0x3c, 0x20, 0xf8, 0x62, 0x80, 0xf9, 0xa1, 0x69, 0xfc, 0xea, 0x4a, 0xfc, 0xdf, 0x00, 0xf9, 0x8a, 0x00, 0xf8, 0x54, 0x00, 0xf8, 0x32, 0x00, 0xf8, 0x15, 0x00, 0xf8, 0x05, 0x00, 0x00, 0x00, 
  0x00, 0x00, 0x00, 0x00, 0xf8, 0x08, 0x00, 0xf8, 0x1d, 0x00, 0xf8, 0x3c, 0x20, 0xf8, 0x61, 0x80, 0xf9, 0xa0, 0x69, 0xfc, 0xe9, 0x2a, 0xfc, 0xde, 0x00, 0xf9, 0x87, 0x00, 0xf8, 0x54, 0x00, 0xf8, 0x31, 0x00, 0xf8, 0x15, 0x00, 0xf8, 0x05, 0x00, 0x00, 0x00, 
  0x00, 0x00, 0x00, 0x00, 0xf8, 0x08, 0x00, 0xf8, 0x1c, 0x00, 0xf8, 0x3b, 0x20, 0xf8, 0x5f, 0x60, 0xf9, 0x9e, 0x49, 0xfc, 0xe8, 0x2a, 0xfc, 0xdd, 0xe0, 0xf8, 0x86, 0x00, 0xf8, 0x52, 0x00, 0xf8, 0x31, 0x00, 0xf8, 0x14, 0x00, 0xf8, 0x05, 0x00, 0x00, 0x00, 
  0x00, 0x00, 0x00, 0x00, 0xf8, 0x08, 0x00, 0xf8, 0x1c, 0x00, 0xf8, 0x3a, 0x20, 0xf8, 0x5e, 0x80, 0xf9, 0x9c, 0x69, 0xfc, 0xe7, 0x2a, 0xfc, 0xdc, 0xe0, 0xf8, 0x84, 0x00, 0xf8, 0x52, 0x00, 0xf8, 0x30, 0x00, 0xf8, 0x14, 0x00, 0xf8, 0x05, 0x00, 0x00, 0x00, 
  0x00, 0x00, 0x00, 0x00, 0xf8, 0x08, 0x00, 0xf8, 0x1b, 0x00, 0xf8, 0x3a, 0x20, 0xf8, 0x5d, 0x80, 0xf9, 0x9b, 0x49, 0xfc, 0xe6, 0x2a, 0xfc, 0xdb, 0xe0, 0xf8, 0x82, 0x00, 0xf8, 0x51, 0x00, 0xf8, 0x2f, 0x00, 0xf8, 0x13, 0x00, 0xf8, 0x05, 0x00, 0x00, 0x00, 
  0x00, 0x00, 0x00, 0x00, 0xf8, 0x07, 0x00, 0xf8, 0x1b, 0x00, 0xf8, 0x39, 0x20, 0xf8, 0x5b, 0x60, 0xf9, 0x98, 0x49, 0xfc, 0xe6, 0x2a, 0xfc, 0xd9, 0xe0, 0xf8, 0x80, 0x00, 0xf8, 0x50, 0x00, 0xf8, 0x2f, 0x00, 0xf8, 0x13, 0x00, 0xf8, 0x04, 0x00, 0x00, 0x00, 
  0x00, 0x00, 0x00, 0x00, 0xf8, 0x07, 0x00, 0xf8, 0x1b, 0x00, 0xf8, 0x38, 0x20, 0xf8, 0x5a, 0x60, 0xf9, 0x97, 0x49, 0xfc, 0xe4, 0x2a, 0xfc, 0xd8, 0xe0, 0xf8, 0x7f, 0x00, 0xf8, 0x4f, 0x00, 0xf8, 0x2e, 0x00, 0xf8, 0x13, 0x00, 0xf8, 0x04, 0x00, 0x00, 0x00, 
  0x00, 0x00, 0x00, 0x00, 0xf8, 0x07, 0x00, 0xf8, 0x1a, 0x00, 0xf8, 0x37, 0x20, 0xf8, 0x59, 0x60, 0xf9, 0x95, 0x49, 0xfc, 0xe4, 0x2a, 0xfc, 0xd7, 0xe0, 0xf8, 0x7d, 0x00, 0xf8, 0x4d, 0x00, 0xf8, 0x2e, 0x00, 0xf8, 0x12, 0x00, 0xf8, 0x04, 0x00, 0x00, 0x00, 
  0x00, 0x00, 0x00, 0x00, 0xf8, 0x07, 0x00, 0xf8, 0x1a, 0x00, 0xf8, 0x37, 0x20, 0xf8, 0x58, 0x60, 0xf9, 0x93, 0x49, 0xfc, 0xe2, 0x29, 0xfc, 0xd6, 0xc0, 0xf8, 0x7b, 0x00, 0xf8, 0x4d, 0x00, 0xf8, 0x2d, 0x00, 0xf8, 0x12, 0x00, 0xf8, 0x04, 0x00, 0x00, 0x00, 
  0x00, 0x00, 0x00, 0x00, 0xf8, 0x07, 0x00, 0xf8, 0x1a, 0x00, 0xf8, 0x36, 0x20, 0xf8, 0x57, 0x60, 0xf9, 0x91, 0x49, 0xfc, 0xe1, 0x29, 0xfc, 0xd5, 0xc0, 0xf8, 0x79, 0x00, 0xf8, 0x4b, 0x00, 0xf8, 0x2c, 0x00, 0xf8, 0x12, 0x00, 0xf8, 0x04, 0x00, 0x00, 0x00, 
  0x00, 0x00, 0x00, 0x00, 0xf8, 0x07, 0x00, 0xf8, 0x19, 0x00, 0xf8, 0x35, 0x20, 0xf8, 0x56, 0x60, 0xf9, 0x8f, 0x29, 0xfc, 0xe0, 0x29, 0xfc, 0xd2, 0xe0, 0xf8, 0x78, 0x00, 0xf8, 0x4a, 0x00, 0xf8, 0x2c, 0x00, 0xf8, 0x12, 0x00, 0xf8, 0x04, 0x00, 0x00, 0x00, 
  0x00, 0x00, 0x00, 0x00, 0xf8, 0x07, 0x00, 0xf8, 0x19, 0x00, 0xf8, 0x34, 0x20, 0xf8, 0x54, 0x60, 0xf9, 0x8d, 0x28, 0xfc, 0xdf, 0x09, 0xfc, 0xd2, 0xe0, 0xf8, 0x76, 0x00, 0xf8, 0x49, 0x00, 0xf8, 0x2b, 0x00, 0xf8, 0x11, 0x00, 0xf8, 0x04, 0x00, 0x00, 0x00, 
  0x00, 0x00, 0x00, 0x00, 0xf8, 0x07, 0x00, 0xf8, 0x19, 0x00, 0xf8, 0x33, 0x20, 0xf8, 0x53, 0x60, 0xf9, 0x8c, 0x08, 0xfc, 0xdd, 0x09, 0xfc, 0xcf, 0xc0, 0xf8, 0x75, 0x00, 0xf8, 0x48, 0x00, 0xf8, 0x2a, 0x00, 0xf8, 0x11, 0x00, 0xf8, 0x04, 0x00, 0x00, 0x00, 
  0x00, 0x00, 0x00, 0x00, 0xf8, 0x06, 0x00, 0xf8, 0x18, 0x00, 0xf8, 0x33, 0x20, 0xf8, 0x51, 0x40, 0xf9, 0x8b, 0x29, 0xfc, 0xdc, 0x09, 0xfc, 0xce, 0xc0, 0xf8, 0x73, 0x00, 0xf8, 0x47, 0x00, 0xf8, 0x2a, 0x00, 0xf8, 0x11, 0x00, 0xf8, 0x03, 0x00, 0x00, 0x00, 
  0x00, 0x00, 0x00, 0x00, 0xf8, 0x06, 0x00, 0xf8, 0x18, 0x00, 0xf8, 0x32, 0x20, 0xf8, 0x50, 0x40, 0xf9, 0x88, 0x28, 0xfc, 0xda, 0x09, 0xfc, 0xcc, 0xc0, 0xf8, 0x71, 0x00, 0xf8, 0x46, 0x00, 0xf8, 0x29, 0x00, 0xf8, 0x11, 0x00, 0xf8, 0x03, 0x00, 0x00, 0x00, 
  0x00, 0x00, 0x00, 0x00, 0xf8, 0x06, 0x00, 0xf8, 0x17, 0x00, 0xf8, 0x31, 0x20, 0xf8, 0x4f, 0x60, 0xf9, 0x86, 0x08, 0xfc, 0xd9, 0xe9, 0xfb, 0xca, 0xc0, 0xf8, 0x6f, 0x00, 0xf8, 0x45, 0x00, 0xf8, 0x28, 0x00, 0xf8, 0x10, 0x00, 0xf8, 0x03, 0x00, 0x00, 0x00, 
  0x00, 0x00, 0x00, 0x00, 0xf8, 0x06, 0x00, 0xf8, 0x17, 0x00, 0xf8, 0x31, 0x20, 0xf8, 0x4d, 0x60, 0xf9, 0x84, 0x08, 0xfc, 0xd7, 0xe9, 0xfb, 0xc8, 0xc0, 0xf8, 0x6e, 0x00, 0xf8, 0x43, 0x00, 0xf8, 0x28, 0x00, 0xf8, 0x10, 0x00, 0xf8, 0x03, 0x00, 0x00, 0x00, 
  0x00, 0x00, 0x00, 0x00, 0xf8, 0x06, 0x00, 0xf8, 0x16, 0x00, 0xf8, 0x30, 0x20, 0xf8, 0x4d, 0x40, 0xf9, 0x82, 0x08, 0xfc, 0xd6, 0xe8, 0xfb, 0xc7, 0xc0, 0xf8, 0x6c, 0x00, 0xf8, 0x42, 0x00, 0xf8, 0x27, 0x00, 0xf8, 0x10, 0x00, 0xf8, 0x03, 0x00, 0x00, 0x00, 
  0x00, 0x00, 0x00, 0x00, 0xf8, 0x06, 0x00, 0xf8, 0x16, 0x00, 0xf8, 0x2f, 0x20, 0xf8, 0x4b, 0x60, 0xf9, 0x81, 0x07, 0xfc, 0xd3, 0xe8, 0xfb, 0xc5, 0xc0, 0xf8, 0x6a, 0x00, 0xf8, 0x41, 0x00, 0xf8, 0x27, 0x00, 0xf8, 0x10, 0x00, 0xf8, 0x03, 0x00, 0x00, 0x00, 
  0x00, 0x00, 0x00, 0x00, 0xf8, 0x06, 0x00, 0xf8, 0x16, 0x00, 0xf8, 0x2e, 0x20, 0xf8, 0x4a, 0x40, 0xf9, 0x7f, 0xe7, 0xfb, 0xd1, 0xc8, 0xfb, 0xc3, 0xc0, 0xf8, 0x69, 0x00, 0xf8, 0x40, 0x00, 0xf8, 0x26, 0x00, 0xf8, 0x0f, 0x00, 0xf8, 0x03, 0x00, 0x00, 0x00, 
  0x00, 0x00, 0x00, 0x00, 0xf8, 0x06, 0x00, 0xf8, 0x15, 0x00, 0xf8, 0x2e, 0x20, 0xf8, 0x48, 0x40, 0xf9, 0x7d, 0xc7, 0xfb, 0xd0, 0xc8, 0xfb, 0xc0, 0xc0, 0xf8, 0x67, 0x00, 0xf8, 0x3f, 0x00, 0xf8, 0x25, 0x00, 0xf8, 0x0f, 0x00, 0xf8, 0x03, 0x00, 0x00, 0x00, 
  0x00, 0x00, 0x00, 0x00, 0xf8, 0x06, 0x00, 0xf8, 0x15, 0x00, 0xf8, 0x2d, 0x20, 0xf8, 0x47, 0x40, 0xf9, 0x7b, 0xc7, 0xfb, 0xce, 0xa7, 0xfb, 0xbe, 0xc0, 0xf8, 0x65, 0x00, 0xf8, 0x3e, 0x00, 0xf8, 0x25, 0x00, 0xf8, 0x0f, 0x00, 0xf8, 0x03, 0x00, 0x00, 0x00, 
  0x00, 0x00, 0x00, 0x00, 0xf8, 0x06, 0x00, 0xf8, 0x14, 0x00, 0xf8, 0x2c, 0x20, 0xf8, 0x46, 0x40, 0xf9, 0x79, 0xa6, 0xfb, 0xcc, 0xa7, 0xfb, 0xbc, 0xc0, 0xf8, 0x64, 0x00, 0xf8, 0x3d, 0x00, 0xf8, 0x24, 0x00, 0xf8, 0x0e, 0x00, 0xf8, 0x03, 0x00, 0x00, 0x00, 
  0x00, 0x00, 0x00, 0x00, 0xf8, 0x05, 0x00, 0xf8, 0x14, 0x00, 0xf8, 0x2b, 0x20, 0xf8, 0x44, 0x40, 0xf9, 0x77, 0xa7, 0xfb, 0xca, 0x87, 0xfb, 0xb9, 0xa0, 0xf8, 0x62, 0x00, 0xf8, 0x3c, 0x00, 0xf8, 0x24, 0x00, 0xf8, 0x0e, 0x00, 0xf8, 0x02, 0x00, 0x00, 0x00, 
  0x00, 0x00, 0x00, 0x00, 0xf8, 0x05, 0x00, 0xf8, 0x14, 0x00, 0xf8, 0x2a, 0x20, 0xf8, 0x44, 0x40, 0xf9, 0x75, 0xa6, 0xfb, 0xc8, 0x67, 0xfb, 0xb7, 0xa0, 0xf8, 0x60, 0x00, 0xf8, 0x3b, 0x00, 0xf8, 0x23, 0x00, 0xf8, 0x0e, 0x00, 0xf8, 0x02, 0x00, 0x00, 0x00, 
  0x00, 0x00, 0x00, 0x00, 0xf8, 0x05, 0x00, 0xf8, 0x13, 0x00, 0xf8, 0x2a, 0x20, 0xf8, 0x42, 0x40, 0xf9, 0x73, 0x86, 0xfb, 0xc4, 0x66, 0xfb, 0xb4, 0xc0, 0xf8, 0x5e, 0x00, 0xf8, 0x3a, 0x00, 0xf8, 0x22, 0x00, 0xf8, 0x0e, 0x00, 0xf8, 0x02, 0x00, 0x00, 0x00, 
  0x00, 0x00, 0x00, 0x00, 0xf8, 0x05, 0x00, 0xf8, 0x13, 0x00, 0xf8, 0x29, 0x20, 0xf8, 0x40, 0x40, 0xf9, 0x70, 0x85, 0xfb, 0xc2, 0x66, 0xfb, 0xb1, 0xc0, 0xf8, 0x5b, 0x00, 0xf8, 0x38, 0x00, 0xf8, 0x21, 0x00, 0xf8, 0x0d, 0x00, 0xf8, 0x02, 0x00, 0x00, 0x00, 
  0x00, 0x00, 0x00, 0x00, 0xf8, 0x05, 0x00, 0xf8, 0x12, 0x00, 0xf8, 0x27, 0x20, 0xf8, 0x3e, 0x40, 0xf9, 0x6d, 0x85, 0xfb, 0xbe, 0x66, 0xfb, 0xae, 0xc0, 0xf8, 0x58, 0x00, 0xf8, 0x36, 0x00, 0xf8, 0x20, 0x00, 0xf8, 0x0d, 0x00, 0xf8, 0x02, 0x00, 0x00, 0x00, 
  0x00, 0x00, 0x00, 0x00, 0xf8, 0x05, 0x00, 0xf8, 0x11, 0x00, 0xf8, 0x26, 0x20, 0xf8, 0x3c, 0x40, 0xf9, 0x6a, 0x65, 0xfb, 0xbb, 0x45, 0xfb, 0xa9, 0xa0, 0xf8, 0x55, 0x00, 0xf8, 0x34, 0x00, 0xf8, 0x1f, 0x00, 0xf8, 0x0d, 0x00, 0xf8, 0x02, 0x00, 0x00, 0x00, 
  0x00, 0x00, 0x00, 0x00, 0xf8, 0x04, 0x00, 0xf8, 0x11, 0x00, 0xf8, 0x24, 0x20, 0xf8, 0x39, 0x40, 0xf9, 0x66, 0x64, 0xfb, 0xb7, 0x45, 0xfb, 0xa6, 0xc0, 0xf8, 0x52, 0x00, 0xf8, 0x32, 0x00, 0xf8, 0x1e, 0x00, 0xf8, 0x0c, 0x00, 0xf8, 0x02, 0x00, 0x00, 0x00, 
  0x00, 0x00, 0x00, 0x00, 0xf8, 0x04, 0x00, 0xf8, 0x10, 0x00, 0xf8, 0x22, 0x00, 0xf8, 0x35, 0x60, 0xf9, 0x61, 0x64, 0xfb, 0xb3, 0x44, 0xfb, 0xa0, 0xc0, 0xf8, 0x4d, 0x00, 0xf8, 0x2f, 0x00, 0xf8, 0x1c, 0x00, 0xf8, 0x0b, 0x00, 0xf8, 0x02, 0x00, 0x00, 0x00, 
  0x00, 0x00, 0x00, 0x00, 0xf8, 0x03, 0x00, 0xf8, 0x0f, 0x00, 0xf8, 0x1f, 0x00, 0xf8, 0x31, 0x60, 0xf9, 0x5b, 0x64, 0xfb, 0xae, 0x24, 0xfb, 0x9b, 0xc0, 0xf8, 0x47, 0x00, 0xf8, 0x2b, 0x00, 0xf8, 0x19, 0x00, 0xf8, 0x0a, 0x00, 0xf8, 0x02, 0x00, 0x00, 0x00, 
  0x00, 0x00, 0x00, 0x00, 0xf8, 0x03, 0x00, 0xf8, 0x0d, 0x00, 0xf8, 0x1c, 0x00, 0xf8, 0x2d, 0x60, 0xf9, 0x54, 0x23, 0xfb, 0xa4, 0x04, 0xfb, 0x91, 0xc0, 0xf8, 0x41, 0x00, 0xf8, 0x27, 0x00, 0xf8, 0x17, 0x00, 0xf8, 0x09, 0x00, 0xf8, 0x01, 0x00, 0x00, 0x00, 
  0x00, 0x00, 0x00, 0x00, 0xf8, 0x02, 0x00, 0xf8, 0x0b, 0x00, 0xf8, 0x19, 0x00, 0xf8, 0x28, 0x40, 0xf9, 0x4b, 0xc1, 0xfa, 0x93, 0xa1, 0xfa, 0x7f, 0xc0, 0xf8, 0x3a, 0x00, 0xf8, 0x22, 0x00, 0xf8, 0x14, 0x00, 0xf8, 0x08, 0x00, 0xf8, 0x01, 0x00, 0x00, 0x00, 
  0x00, 0x00, 0x00, 0x00, 0xf8, 0x02, 0x00, 0xf8, 0x0a, 0x00, 0xf8, 0x16, 0x00, 0xf8, 0x22, 0x20, 0xf9, 0x40, 0x80, 0xfa, 0x7a, 0x40, 0xfa, 0x6a, 0xa0, 0xf8, 0x32, 0x00, 0xf8, 0x1e, 0x00, 0xf8, 0x12, 0x00, 0xf8, 0x07, 0x00, 0xf8, 0x01, 0x00, 0x00, 0x00, 
  0x00, 0x00, 0x00, 0x00, 0xf8, 0x02, 0x00, 0xf8, 0x09, 0x00, 0xf8, 0x12, 0x00, 0xf8, 0x1d, 0x00, 0xf9, 0x33, 0x20, 0xfa, 0x5c, 0xe0, 0xf9, 0x51, 0xa0, 0xf8, 0x28, 0x00, 0xf8, 0x19, 0x00, 0xf8, 0x0f, 0x00, 0xf8, 0x06, 0x00, 0x00, 0x00, 0x00, 0x00, 0x00, 
  0x00, 0x00, 0x00, 0x00, 0xf8, 0x01, 0x00, 0xf8, 0x07, 0x00, 0xf8, 0x0e, 0x00, 0xf8, 0x17, 0xa0, 0xf8, 0x26, 0xc0, 0xf9, 0x3f, 0x80, 0xf9, 0x39, 0x40, 0xf8, 0x20, 0x00, 0xf8, 0x14, 0x00, 0xf8, 0x0c, 0x00, 0xf8, 0x05, 0x00, 0x00, 0x00, 0x00, 0x00, 0x00, 
  0x00, 0x00, 0x00, 0x00, 0xf8, 0x01, 0x00, 0xf8, 0x05, 0x00, 0xf8, 0x0c, 0x00, 0xf8, 0x12, 0x40, 0xf8, 0x1b, 0x00, 0xf9, 0x28, 0xe0, 0xf8, 0x24, 0x00, 0xf8, 0x17, 0x00, 0xf8, 0x10, 0x00, 0xf8, 0x09, 0x00, 0xf8, 0x04, 0x00, 0x00, 0x00, 0x00, 0x00, 0x00, 
  0x00, 0x00, 0x00, 0x00, 0x00, 0x00, 0x00, 0xf8, 0x04, 0x00, 0xf8, 0x07, 0x00, 0xf8, 0x0c, 0x00, 0xf8, 0x11, 0xc0, 0xf8, 0x17, 0x60, 0xf8, 0x15, 0x00, 0xf8, 0x10, 0x00, 0xf8, 0x0b, 0x00, 0xf8, 0x06, 0x00, 0xf8, 0x03, 0x00, 0x00, 0x00, 0x00, 0x00, 0x00, 
  0x00, 0x00, 0x00, 0x00, 0x00, 0x00, 0x00, 0xf8, 0x01, 0x00, 0xf8, 0x03, 0x00, 0xf8, 0x06, 0x00, 0xf8, 0x08, 0x00, 0xf8, 0x0a, 0x00, 0xf8, 0x0a, 0x00, 0xf8, 0x08, 0x00, 0xf8, 0x06, 0x00, 0xf8, 0x04, 0x00, 0xf8, 0x01, 0x00, 0x00, 0x00, 0x00, 0x00, 0x00, 
  0x00, 0x00, 0x00, 0x00, 0x00, 0x00, 0x00, 0x00, 0x00, 0x00, 0xf8, 0x01, 0x00, 0xf8, 0x01, 0x00, 0xf8, 0x02, 0x00, 0xf8, 0x03, 0x00, 0xf8, 0x03, 0x00, 0xf8, 0x03, 0x00, 0xf8, 0x02, 0x00, 0xf8, 0x01, 0x00, 0x00, 0x00, 0x00, 0x00, 0x00, 0x00, 0x00, 0x00, 
#endif
#if LV_COLOR_DEPTH == 16 && LV_COLOR_16_SWAP != 0
  /*Pixel format: Alpha 8 bit, Red: 5 bit, Green: 6 bit, Blue: 5 bit  BUT the 2  color bytes are swapped*/
  0xfd, 0x70, 0x12, 0xfb, 0xc6, 0x15, 0xfa, 0xe2, 0x0e, 0xfa, 0x40, 0x07, 0xfa, 0x00, 0x04, 0xfc, 0x00, 0x02, 0xf8, 0x00, 0x01, 0xf8, 0x00, 0x01, 0xff, 0xe0, 0x01, 0xfa, 0xa0, 0x03, 0xfa, 0x40, 0x07, 0xfb, 0x20, 0x0d, 0xfb, 0xc6, 0x11, 0xfd, 0x2e, 0x0e, 
  0xfd, 0x0d, 0x1b, 0xfd, 0x70, 0x31, 0xfc, 0x48, 0x2f, 0xfb, 0xc3, 0x20, 0xfb, 0x61, 0x18, 0xfb, 0x80, 0x10, 0xfc, 0x00, 0x0c, 0xfc, 0x00, 0x0c, 0xfb, 0xc0, 0x0f, 0xfb, 0x62, 0x15, 0xfb, 0x82, 0x20, 0xfc, 0x07, 0x2c, 0xfd, 0x4d, 0x2b, 0xfd, 0x91, 0x17, 
  0xfb, 0x85, 0x12, 0xfd, 0x0c, 0x37, 0xfd, 0x70, 0x59, 0xfd, 0x2e, 0x5e, 0xfc, 0xaa, 0x56, 0xfc, 0xa8, 0x4c, 0xfd, 0x2b, 0x4a, 0xfc, 0xa7, 0x42, 0xfc, 0x87, 0x49, 0xfc, 0xaa, 0x54, 0xfc, 0xec, 0x5e, 0xfd, 0x70, 0x58, 0xfd, 0x2f, 0x37, 0xfc, 0x88, 0x10, 
  0xf9, 0xc0, 0x09, 0xfb, 0x04, 0x23, 0xfc, 0x29, 0x50, 0xfd, 0x0e, 0x79, 0xfd, 0x6f, 0x91, 0xfe, 0x34, 0xa7, 0xff, 0x19, 0xd4, 0xff, 0x18, 0xc8, 0xfe, 0x13, 0xa4, 0xfd, 0x70, 0x96, 0xfd, 0x2f, 0x82, 0xfc, 0x8b, 0x57, 0xfb, 0xa5, 0x25, 0xfa, 0x00, 0x08, 
  0xf8, 0x00, 0x04, 0xf9, 0x40, 0x14, 0xf9, 0xc1, 0x34, 0xfa, 0x83, 0x5c, 0xfb, 0x67, 0x83, 0xfd, 0x0d, 0xa9, 0xfe, 0xd8, 0xe1, 0xfe, 0xf8, 0xe1, 0xfc, 0xec, 0xaa, 0xfb, 0xc8, 0x8a, 0xfa, 0xc4, 0x62, 0xfa, 0x21, 0x36, 0xf9, 0xc0, 0x13, 0xf8, 0x00, 0x03, 
  0xf8, 0x00, 0x03, 0xf8, 0x00, 0x10, 0xf8, 0x60, 0x29, 0xf8, 0xa0, 0x4c, 0xf9, 0x61, 0x76, 0xfa, 0xc1, 0x9a, 0xfe, 0x12, 0xce, 0xfd, 0xf2, 0xd2, 0xfa, 0x61, 0x98, 0xf9, 0x41, 0x76, 0xf8, 0xe0, 0x4b, 0xf8, 0xa0, 0x26, 0xf8, 0xa0, 0x0c, 0xf8, 0x00, 0x02, 
  0xf8, 0x00, 0x03, 0xf8, 0x00, 0x10, 0xf8, 0x00, 0x2a, 0xf8, 0x20, 0x4e, 0xf8, 0xc0, 0x7d, 0xfa, 0x40, 0xaa, 0xfd, 0xf2, 0xd7, 0xfd, 0xd1, 0xd8, 0xf9, 0xc0, 0xa5, 0xf8, 0x60, 0x75, 0xf8, 0x20, 0x47, 0xf8, 0x00, 0x23, 0xf8, 0x00, 0x0b, 0xf8, 0x00, 0x02, 
  0xf8, 0x00, 0x04, 0xf8, 0x00, 0x11, 0xf8, 0x00, 0x2c, 0xf8, 0x00, 0x55, 0xf8, 0xa0, 0x8a, 0xfa, 0x40, 0xbb, 0xfd, 0xd1, 0xe1, 0xfd, 0xb0, 0xe4, 0xf9, 0xa0, 0xb4, 0xf8, 0x60, 0x7b, 0xf8, 0x00, 0x49, 0xf8, 0x00, 0x23, 0xf8, 0x00, 0x0b, 0xf8, 0x00, 0x02, 
  0xf8, 0x00, 0x04, 0xf8, 0x00, 0x11, 0xf8, 0x00, 0x2f, 0xf8, 0x00, 0x59, 0xf8, 0xa0, 0x90, 0xfa, 0x20, 0xc9, 0xfd, 0xb0, 0xe8, 0xfd, 0xb0, 0xea, 0xf9, 0xa0, 0xbc, 0xf8, 0x60, 0x7e, 0xf8, 0x00, 0x4c, 0xf8, 0x00, 0x24, 0xf8, 0x00, 0x0b, 0xf8, 0x00, 0x02, 
  0xf8, 0x00, 0x03, 0xf8, 0x00, 0x11, 0xf8, 0x00, 0x2f, 0xf8, 0x00, 0x5d, 0xf8, 0xa0, 0x96, 0xfa, 0x20, 0xd2, 0xfd, 0xb0, 0xee, 0xfd, 0xb0, 0xee, 0xf9, 0xa0, 0xc3, 0xf8, 0x40, 0x81, 0xf8, 0x00, 0x4d, 0xf8, 0x00, 0x24, 0xf8, 0x00, 0x0b, 0xf8, 0x00, 0x02, 
  0xf8, 0x00, 0x03, 0xf8, 0x00, 0x11, 0xf8, 0x00, 0x30, 0xf8, 0x00, 0x5d, 0xf8, 0xa0, 0x98, 0xfa, 0x20, 0xd6, 0xfd, 0x8f, 0xf1, 0xfd, 0x90, 0xf2, 0xf9, 0xa0, 0xc4, 0xf8, 0x40, 0x83, 0xf8, 0x00, 0x4d, 0xf8, 0x00, 0x25, 0xf8, 0x00, 0x0b, 0xf8, 0x00, 0x02, 
  0xf8, 0x00, 0x03, 0xf8, 0x00, 0x12, 0xf8, 0x00, 0x30, 0xf8, 0x00, 0x5e, 0xf8, 0x80, 0x9a, 0xfa, 0x20, 0xd8, 0xfd, 0x8f, 0xf4, 0xfd, 0x90, 0xf3, 0xf9, 0xa0, 0xc8, 0xf8, 0x40, 0x84, 0xf8, 0x00, 0x4e, 0xf8, 0x00, 0x25, 0xf8, 0x00, 0x0b, 0xf8, 0x00, 0x02, 
  0xf8, 0x00, 0x03, 0xf8, 0x00, 0x11, 0xf8, 0x00, 0x31, 0xf8, 0x00, 0x5f, 0xf8, 0x80, 0x9b, 0xfa, 0x20, 0xdb, 0xfd, 0x8f, 0xf6, 0xfd, 0x90, 0xf6, 0xf9, 0x80, 0xca, 0xf8, 0x40, 0x85, 0xf8, 0x00, 0x4e, 0xf8, 0x00, 0x24, 0xf8, 0x00, 0x0b, 0xf8, 0x00, 0x01, 
  0xf8, 0x00, 0x03, 0xf8, 0x00, 0x11, 0xf8, 0x00, 0x31, 0xf8, 0x00, 0x5f, 0xf8, 0xa0, 0x9b, 0xfa, 0x20, 0xdc, 0xfd, 0x6f, 0xf7, 0xfd, 0x6f, 0xf6, 0xf9, 0x80, 0xcb, 0xf8, 0x40, 0x86, 0xf8, 0x00, 0x4f, 0xf8, 0x00, 0x25, 0xf8, 0x00, 0x0b, 0xf8, 0x00, 0x01, 
  0xf8, 0x00, 0x03, 0xf8, 0x00, 0x11, 0xf8, 0x00, 0x31, 0xf8, 0x00, 0x60, 0xf8, 0x80, 0x9c, 0xfa, 0x00, 0xdf, 0xfd, 0x4e, 0xf8, 0xfd, 0x4f, 0xf7, 0xf9, 0x80, 0xcd, 0xf8, 0x40, 0x86, 0xf8, 0x00, 0x4f, 0xf8, 0x00, 0x24, 0xf8, 0x00, 0x0b, 0xf8, 0x00, 0x01, 
  0xf8, 0x00, 0x03, 0xf8, 0x00, 0x12, 0xf8, 0x00, 0x30, 0xf8, 0x00, 0x5f, 0xf8, 0x80, 0x9c, 0xfa, 0x20, 0xe0, 0xfd, 0x2d, 0xf9, 0xfd, 0x2e, 0xf7, 0xf9, 0x80, 0xce, 0xf8, 0x40, 0x86, 0xf8, 0x00, 0x4f, 0xf8, 0x00, 0x24, 0xf8, 0x00, 0x0b, 0xf8, 0x00, 0x01, 
  0xf8, 0x00, 0x03, 0xf8, 0x00, 0x11, 0xf8, 0x00, 0x30, 0xf8, 0x00, 0x5f, 0xf8, 0x80, 0x9c, 0xfa, 0x00, 0xdf, 0xfd, 0x2d, 0xfa, 0xfd, 0x2e, 0xf9, 0xf9, 0x80, 0xcd, 0xf8, 0x40, 0x87, 0xf8, 0x00, 0x4f, 0xf8, 0x00, 0x24, 0xf8, 0x00, 0x0b, 0xf8, 0x00, 0x01, 
  0xf8, 0x00, 0x03, 0xf8, 0x00, 0x11, 0xf8, 0x00, 0x30, 0xf8, 0x00, 0x5e, 0xf8, 0x80, 0x9b, 0xfa, 0x00, 0xe0, 0xfd, 0x2d, 0xfb, 0xfd, 0x2e, 0xf9, 0xf9, 0x80, 0xcd, 0xf8, 0x40, 0x85, 0xf8, 0x00, 0x4e, 0xf8, 0x00, 0x24, 0xf8, 0x00, 0x0b, 0xf8, 0x00, 0x01, 
  0xf8, 0x00, 0x03, 0xf8, 0x00, 0x11, 0xf8, 0x00, 0x2f, 0xf8, 0x00, 0x5e, 0xf8, 0x80, 0x9b, 0xfa, 0x00, 0xdf, 0xfd, 0x2d, 0xfc, 0xfd, 0x2e, 0xfa, 0xf9, 0x80, 0xcc, 0xf8, 0x40, 0x85, 0xf8, 0x00, 0x4e, 0xf8, 0x00, 0x24, 0xf8, 0x00, 0x0a, 0xf8, 0x00, 0x01, 
  0xf8, 0x00, 0x03, 0xf8, 0x00, 0x10, 0xf8, 0x00, 0x30, 0xf8, 0x00, 0x5d, 0xf8, 0x80, 0x99, 0xfa, 0x00, 0xdf, 0xfd, 0x2d, 0xfd, 0xfd, 0x2e, 0xfb, 0xf9, 0x80, 0xcc, 0xf8, 0x40, 0x84, 0xf8, 0x00, 0x4e, 0xf8, 0x00, 0x24, 0xf8, 0x00, 0x0a, 0xf8, 0x00, 0x01, 
  0xf8, 0x00, 0x03, 0xf8, 0x00, 0x10, 0xf8, 0x00, 0x2f, 0xf8, 0x00, 0x5c, 0xf8, 0x80, 0x99, 0xfa, 0x00, 0xdf, 0xfd, 0x2d, 0xfd, 0xfd, 0x2e, 0xfb, 0xf9, 0x80, 0xcb, 0xf8, 0x40, 0x84, 0xf8, 0x00, 0x4d, 0xf8, 0x00, 0x23, 0xf8, 0x00, 0x0a, 0xf8, 0x00, 0x01, 
  0xf8, 0x00, 0x03, 0xf8, 0x00, 0x10, 0xf8, 0x00, 0x2f, 0xf8, 0x00, 0x5c, 0xf8, 0x60, 0x98, 0xfa, 0x00, 0xdf, 0xfd, 0x2d, 0xfe, 0xfd, 0x2e, 0xfb, 0xf9, 0x60, 0xca, 0xf8, 0x40, 0x83, 0xf8, 0x00, 0x4c, 0xf8, 0x00, 0x23, 0xf8, 0x00, 0x0a, 0xf8, 0x00, 0x01, 
  0xf8, 0x00, 0x03, 0xf8, 0x00, 0x10, 0xf8, 0x00, 0x2e, 0xf8, 0x00, 0x5b, 0xf8, 0x80, 0x96, 0xfa, 0x00, 0xdd, 0xfd, 0x2d, 0xfe, 0xfd, 0x2e, 0xfa, 0xf9, 0x80, 0xc8, 0xf8, 0x40, 0x81, 0xf8, 0x00, 0x4c, 0xf8, 0x00, 0x23, 0xf8, 0x00, 0x0a, 0xf8, 0x00, 0x01, 
  0xf8, 0x00, 0x02, 0xf8, 0x00, 0x10, 0xf8, 0x00, 0x2e, 0xf8, 0x00, 0x5a, 0xf8, 0x80, 0x95, 0xf9, 0xe0, 0xdc, 0xfd, 0x2d, 0xfd, 0xfd, 0x2e, 0xfa, 0xf9, 0x60, 0xc7, 0xf8, 0x40, 0x7f, 0xf8, 0x00, 0x4b, 0xf8, 0x00, 0x22, 0xf8, 0x00, 0x0a, 0xf8, 0x00, 0x01, 
  0xf8, 0x00, 0x02, 0xf8, 0x00, 0x10, 0xf8, 0x00, 0x2d, 0xf8, 0x00, 0x59, 0xf8, 0x80, 0x93, 0xfa, 0x00, 0xdb, 0xfd, 0x0c, 0xfd, 0xfd, 0x0d, 0xfa, 0xf9, 0x60, 0xc6, 0xf8, 0x40, 0x7e, 0xf8, 0x00, 0x4a, 0xf8, 0x00, 0x22, 0xf8, 0x00, 0x0a, 0xf8, 0x00, 0x01, 
  0xf8, 0x00, 0x02, 0xf8, 0x00, 0x10, 0xf8, 0x00, 0x2d, 0xf8, 0x00, 0x59, 0xf8, 0x80, 0x92, 0xf9, 0xe0, 0xd9, 0xfc, 0xeb, 0xfc, 0xfc, 0xec, 0xf9, 0xf9, 0x60, 0xc4, 0xf8, 0x40, 0x7d, 0xf8, 0x00, 0x4a, 0xf8, 0x00, 0x22, 0xf8, 0x00, 0x09, 0xf8, 0x00, 0x01, 
  0xf8, 0x00, 0x02, 0xf8, 0x00, 0x0f, 0xf8, 0x00, 0x2c, 0xf8, 0x00, 0x58, 0xf8, 0x80, 0x91, 0xf9, 0xe0, 0xd8, 0xfc, 0xca, 0xfc, 0xfc, 0xab, 0xf9, 0xf9, 0x60, 0xc3, 0xf8, 0x40, 0x7d, 0xf8, 0x00, 0x49, 0xf8, 0x00, 0x21, 0xf8, 0x00, 0x09, 0xf8, 0x00, 0x01, 
  0xf8, 0x00, 0x02, 0xf8, 0x00, 0x0f, 0xf8, 0x00, 0x2c, 0xf8, 0x00, 0x57, 0xf8, 0x80, 0x90, 0xf9, 0xe0, 0xd7, 0xfc, 0xca, 0xfb, 0xfc, 0xab, 0xf8, 0xf9, 0x60, 0xc2, 0xf8, 0x40, 0x7b, 0xf8, 0x00, 0x48, 0xf8, 0x00, 0x21, 0xf8, 0x00, 0x09, 0x00, 0x00, 0x00, 
  0xf8, 0x00, 0x02, 0xf8, 0x00, 0x0f, 0xf8, 0x00, 0x2b, 0xf8, 0x00, 0x56, 0xf8, 0x60, 0x8e, 0xf9, 0xe0, 0xd6, 0xfc, 0xaa, 0xfb, 0xfc, 0xab, 0xf7, 0xf9, 0x60, 0xc0, 0xf8, 0x40, 0x7a, 0xf8, 0x00, 0x48, 0xf8, 0x00, 0x20, 0xf8, 0x00, 0x09, 0x00, 0x00, 0x00, 
  0xf8, 0x00, 0x02, 0xf8, 0x00, 0x0f, 0xf8, 0x00, 0x2b, 0xf8, 0x00, 0x55, 0xf8, 0x60, 0x8d, 0xf9, 0xe0, 0xd4, 0xfc, 0xa9, 0xfa, 0xfc, 0x6a, 0xf7, 0xf9, 0x60, 0xbe, 0xf8, 0x40, 0x79, 0xf8, 0x00, 0x47, 0xf8, 0x00, 0x20, 0xf8, 0x00, 0x09, 0x00, 0x00, 0x00, 
  0xf8, 0x00, 0x02, 0xf8, 0x00, 0x0e, 0xf8, 0x00, 0x2a, 0xf8, 0x00, 0x55, 0xf8, 0x60, 0x8c, 0xf9, 0xe0, 0xd3, 0xfc, 0x89, 0xfa, 0xfc, 0x69, 0xf6, 0xf9, 0x60, 0xbd, 0xf8, 0x20, 0x78, 0xf8, 0x00, 0x46, 0xf8, 0x00, 0x20, 0xf8, 0x00, 0x09, 0x00, 0x00, 0x00, 
  0xf8, 0x00, 0x02, 0xf8, 0x00, 0x0d, 0xf8, 0x00, 0x2a, 0xf8, 0x00, 0x54, 0xf8, 0x60, 0x8a, 0xf9, 0xe0, 0xd1, 0xfc, 0x89, 0xfa, 0xfc, 0x49, 0xf5, 0xf9, 0x40, 0xbb, 0xf8, 0x20, 0x77, 0xf8, 0x00, 0x46, 0xf8, 0x00, 0x20, 0xf8, 0x00, 0x08, 0x00, 0x00, 0x00, 
  0xf8, 0x00, 0x02, 0xf8, 0x00, 0x0d, 0xf8, 0x00, 0x2a, 0xf8, 0x00, 0x53, 0xf8, 0x60, 0x89, 0xf9, 0xe0, 0xd0, 0xfc, 0x89, 0xfa, 0xfc, 0x49, 0xf5, 0xf9, 0x40, 0xba, 0xf8, 0x20, 0x76, 0xf8, 0x00, 0x45, 0xf8, 0x00, 0x1f, 0xf8, 0x00, 0x08, 0x00, 0x00, 0x00, 
  0xf8, 0x00, 0x02, 0xf8, 0x00, 0x0d, 0xf8, 0x00, 0x29, 0xf8, 0x00, 0x52, 0xf8, 0x60, 0x88, 0xf9, 0xe0, 0xcf, 0xfc, 0x89, 0xfa, 0xfc, 0x49, 0xf5, 0xf9, 0x40, 0xb9, 0xf8, 0x20, 0x74, 0xf8, 0x00, 0x44, 0xf8, 0x00, 0x1f, 0xf8, 0x00, 0x08, 0x00, 0x00, 0x00, 
  0xf8, 0x00, 0x02, 0xf8, 0x00, 0x0d, 0xf8, 0x00, 0x29, 0xf8, 0x00, 0x52, 0xf8, 0x60, 0x86, 0xf9, 0xc0, 0xce, 0xfc, 0x89, 0xf9, 0xfc, 0x49, 0xf4, 0xf9, 0x40, 0xb7, 0xf8, 0x20, 0x73, 0xf8, 0x00, 0x44, 0xf8, 0x00, 0x1f, 0xf8, 0x00, 0x08, 0x00, 0x00, 0x00, 
  0xf8, 0x00, 0x02, 0xf8, 0x00, 0x0d, 0xf8, 0x00, 0x28, 0xf8, 0x00, 0x51, 0xf8, 0x60, 0x85, 0xf9, 0xc0, 0xcd, 0xfc, 0x89, 0xf9, 0xfc, 0x49, 0xf3, 0xf9, 0x40, 0xb5, 0xf8, 0x20, 0x72, 0xf8, 0x00, 0x43, 0xf8, 0x00, 0x1e, 0xf8, 0x00, 0x08, 0x00, 0x00, 0x00, 
  0xf8, 0x00, 0x02, 0xf8, 0x00, 0x0c, 0xf8, 0x00, 0x28, 0xf8, 0x00, 0x50, 0xf8, 0x60, 0x84, 0xf9, 0xc0, 0xcb, 0xfc, 0x89, 0xf8, 0xfc, 0x49, 0xf3, 0xf9, 0x40, 0xb4, 0xf8, 0x20, 0x71, 0xf8, 0x00, 0x42, 0xf8, 0x00, 0x1e, 0xf8, 0x00, 0x08, 0x00, 0x00, 0x00, 
  0xf8, 0x00, 0x02, 0xf8, 0x00, 0x0c, 0xf8, 0x00, 0x27, 0xf8, 0x00, 0x50, 0xf8, 0x60, 0x82, 0xf9, 0xc0, 0xc9, 0xfc, 0x89, 0xf8, 0xfc, 0x49, 0xf3, 0xf9, 0x40, 0xb3, 0xf8, 0x20, 0x70, 0xf8, 0x00, 0x42, 0xf8, 0x00, 0x1d, 0xf8, 0x00, 0x08, 0x00, 0x00, 0x00, 
  0xf8, 0x00, 0x02, 0xf8, 0x00, 0x0c, 0xf8, 0x00, 0x27, 0xf8, 0x00, 0x4f, 0xf8, 0x60, 0x80, 0xf9, 0xc0, 0xc9, 0xfc, 0x89, 0xf8, 0xfc, 0x49, 0xf2, 0xf9, 0x20, 0xb1, 0xf8, 0x20, 0x6f, 0xf8, 0x00, 0x41, 0xf8, 0x00, 0x1d, 0xf8, 0x00, 0x07, 0x00, 0x00, 0x00, 
  0xf8, 0x00, 0x02, 0xf8, 0x00, 0x0c, 0xf8, 0x00, 0x27, 0xf8, 0x00, 0x4e, 0xf8, 0x60, 0x7f, 0xf9, 0xc0, 0xc7, 0xfc, 0x89, 0xf8, 0xfc, 0x49, 0xf1, 0xf9, 0x40, 0xaf, 0xf8, 0x20, 0x6e, 0xf8, 0x00, 0x40, 0xf8, 0x00, 0x1d, 0xf8, 0x00, 0x07, 0x00, 0x00, 0x00, 
  0xf8, 0x00, 0x02, 0xf8, 0x00, 0x0c, 0xf8, 0x00, 0x26, 0xf8, 0x00, 0x4d, 0xf8, 0x60, 0x7e, 0xf9, 0xc0, 0xc4, 0xfc, 0x89, 0xf8, 0xfc, 0x49, 0xf1, 0xf9, 0x20, 0xad, 0xf8, 0x20, 0x6d, 0xf8, 0x00, 0x40, 0xf8, 0x00, 0x1c, 0xf8, 0x00, 0x07, 0x00, 0x00, 0x00, 
  0xf8, 0x00, 0x02, 0xf8, 0x00, 0x0b, 0xf8, 0x00, 0x26, 0xf8, 0x00, 0x4c, 0xf8, 0x60, 0x7d, 0xf9, 0xc0, 0xc4, 0xfc, 0x69, 0xf7, 0xfc, 0x49, 0xf1, 0xf9, 0x20, 0xac, 0xf8, 0x20, 0x6b, 0xf8, 0x00, 0x40, 0xf8, 0x00, 0x1c, 0xf8, 0x00, 0x07, 0x00, 0x00, 0x00, 
  0xf8, 0x00, 0x01, 0xf8, 0x00, 0x0b, 0xf8, 0x00, 0x25, 0xf8, 0x00, 0x4b, 0xf8, 0x60, 0x7c, 0xf9, 0xc0, 0xc3, 0xfc, 0x69, 0xf6, 0xfc, 0x4a, 0xef, 0xf9, 0x20, 0xab, 0xf8, 0x20, 0x6b, 0xf8, 0x00, 0x3e, 0xf8, 0x00, 0x1b, 0xf8, 0x00, 0x07, 0x00, 0x00, 0x00, 
  0xf8, 0x00, 0x01, 0xf8, 0x00, 0x0b, 0xf8, 0x00, 0x25, 0xf8, 0x00, 0x4b, 0xf8, 0x60, 0x7b, 0xf9, 0xa0, 0xc1, 0xfc, 0x69, 0xf6, 0xfc, 0x49, 0xef, 0xf9, 0x20, 0xa9, 0xf8, 0x20, 0x69, 0xf8, 0x00, 0x3e, 0xf8, 0x00, 0x1b, 0xf8, 0x00, 0x07, 0x00, 0x00, 0x00, 
  0xf8, 0x00, 0x01, 0xf8, 0x00, 0x0b, 0xf8, 0x00, 0x24, 0xf8, 0x00, 0x4a, 0xf8, 0x40, 0x79, 0xf9, 0xa0, 0xbf, 0xfc, 0x89, 0xf6, 0xfc, 0x49, 0xee, 0xf9, 0x20, 0xa7, 0xf8, 0x20, 0x68, 0xf8, 0x00, 0x3d, 0xf8, 0x00, 0x1a, 0xf8, 0x00, 0x07, 0x00, 0x00, 0x00, 
  0xf8, 0x00, 0x01, 0xf8, 0x00, 0x0b, 0xf8, 0x00, 0x24, 0xf8, 0x00, 0x49, 0xf8, 0x40, 0x78, 0xf9, 0xa0, 0xbe, 0xfc, 0x89, 0xf5, 0xfc, 0x29, 0xed, 0xf9, 0x20, 0xa5, 0xf8, 0x20, 0x67, 0xf8, 0x00, 0x3d, 0xf8, 0x00, 0x1a, 0xf8, 0x00, 0x07, 0x00, 0x00, 0x00, 
  0xf8, 0x00, 0x01, 0xf8, 0x00, 0x0b, 0xf8, 0x00, 0x24, 0xf8, 0x00, 0x49, 0xf8, 0x40, 0x76, 0xf9, 0xa0, 0xbc, 0xfc, 0x89, 0xf5, 0xfc, 0x49, 0xed, 0xf9, 0x20, 0xa4, 0xf8, 0x20, 0x66, 0xf8, 0x00, 0x3c, 0xf8, 0x00, 0x1a, 0xf8, 0x00, 0x07, 0x00, 0x00, 0x00, 
  0xf8, 0x00, 0x01, 0xf8, 0x00, 0x0a, 0xf8, 0x00, 0x23, 0xf8, 0x00, 0x48, 0xf8, 0x40, 0x75, 0xf9, 0xa0, 0xba, 0xfc, 0x69, 0xf4, 0xfc, 0x4a, 0xec, 0xf9, 0x20, 0xa2, 0xf8, 0x20, 0x65, 0xf8, 0x00, 0x3b, 0xf8, 0x00, 0x1a, 0xf8, 0x00, 0x06, 0x00, 0x00, 0x00, 
  0xf8, 0x00, 0x01, 0xf8, 0x00, 0x0a, 0xf8, 0x00, 0x23, 0xf8, 0x00, 0x47, 0xf8, 0x40, 0x74, 0xf9, 0xa0, 0xb9, 0xfc, 0x69, 0xf4, 0xfc, 0x49, 0xeb, 0xf9, 0x00, 0xa1, 0xf8, 0x20, 0x64, 0xf8, 0x00, 0x3b, 0xf8, 0x00, 0x19, 0xf8, 0x00, 0x06, 0x00, 0x00, 0x00, 
  0xf8, 0x00, 0x01, 0xf8, 0x00, 0x0a, 0xf8, 0x00, 0x23, 0xf8, 0x00, 0x46, 0xf8, 0x40, 0x72, 0xf9, 0xa0, 0xb7, 0xfc, 0x69, 0xf3, 0xfc, 0x4a, 0xeb, 0xf9, 0x20, 0x9f, 0xf8, 0x20, 0x63, 0xf8, 0x00, 0x3a, 0xf8, 0x00, 0x19, 0xf8, 0x00, 0x06, 0x00, 0x00, 0x00, 
  0xf8, 0x00, 0x01, 0xf8, 0x00, 0x0a, 0xf8, 0x00, 0x22, 0xf8, 0x00, 0x46, 0xf8, 0x40, 0x72, 0xf9, 0xa0, 0xb5, 0xfc, 0x69, 0xf2, 0xfc, 0x4a, 0xea, 0xf9, 0x20, 0x9d, 0xf8, 0x20, 0x61, 0xf8, 0x00, 0x3a, 0xf8, 0x00, 0x19, 0xf8, 0x00, 0x06, 0x00, 0x00, 0x00, 
  0xf8, 0x00, 0x01, 0xf8, 0x00, 0x0a, 0xf8, 0x00, 0x22, 0xf8, 0x00, 0x45, 0xf8, 0x40, 0x70, 0xf9, 0xa0, 0xb4, 0xfc, 0x69, 0xf1, 0xfc, 0x4a, 0xe9, 0xf9, 0x00, 0x9c, 0xf8, 0x20, 0x61, 0xf8, 0x00, 0x39, 0xf8, 0x00, 0x18, 0xf8, 0x00, 0x06, 0x00, 0x00, 0x00, 
  0xf8, 0x00, 0x01, 0xf8, 0x00, 0x0a, 0xf8, 0x00, 0x21, 0xf8, 0x00, 0x44, 0xf8, 0x40, 0x6e, 0xf9, 0xa0, 0xb3, 0xfc, 0x69, 0xf1, 0xfc, 0x4a, 0xe8, 0xf9, 0x00, 0x9a, 0xf8, 0x20, 0x5f, 0xf8, 0x00, 0x38, 0xf8, 0x00, 0x18, 0xf8, 0x00, 0x06, 0x00, 0x00, 0x00, 
  0xf8, 0x00, 0x01, 0xf8, 0x00, 0x0a, 0xf8, 0x00, 0x20, 0xf8, 0x00, 0x43, 0xf8, 0x40, 0x6d, 0xf9, 0xa0, 0xb1, 0xfc, 0x69, 0xf1, 0xfc, 0x4a, 0xe8, 0xf9, 0x00, 0x99, 0xf8, 0x20, 0x5e, 0xf8, 0x00, 0x38, 0xf8, 0x00, 0x18, 0xf8, 0x00, 0x06, 0x00, 0x00, 0x00, 
  0xf8, 0x00, 0x01, 0xf8, 0x00, 0x09, 0xf8, 0x00, 0x20, 0xf8, 0x00, 0x42, 0xf8, 0x40, 0x6c, 0xf9, 0xa0, 0xb0, 0xfc, 0x69, 0xf0, 0xfc, 0x4a, 0xe6, 0xf9, 0x00, 0x97, 0xf8, 0x20, 0x5d, 0xf8, 0x00, 0x37, 0xf8, 0x00, 0x17, 0xf8, 0x00, 0x06, 0x00, 0x00, 0x00, 
  0x00, 0x00, 0x00, 0xf8, 0x00, 0x09, 0xf8, 0x00, 0x20, 0xf8, 0x00, 0x42, 0xf8, 0x40, 0x6b, 0xf9, 0xa0, 0xae, 0xfc, 0x69, 0xef, 0xfc, 0x4a, 0xe6, 0xf9, 0x00, 0x95, 0xf8, 0x20, 0x5c, 0xf8, 0x00, 0x36, 0xf8, 0x00, 0x17, 0xf8, 0x00, 0x06, 0x00, 0x00, 0x00, 
  0x00, 0x00, 0x00, 0xf8, 0x00, 0x09, 0xf8, 0x00, 0x1f, 0xf8, 0x00, 0x41, 0xf8, 0x20, 0x6a, 0xf9, 0x80, 0xac, 0xfc, 0x69, 0xee, 0xfc, 0x4a, 0xe5, 0xf9, 0x00, 0x93, 0xf8, 0x20, 0x5b, 0xf8, 0x00, 0x35, 0xf8, 0x00, 0x17, 0xf8, 0x00, 0x05, 0x00, 0x00, 0x00, 
  0x00, 0x00, 0x00, 0xf8, 0x00, 0x09, 0xf8, 0x00, 0x1f, 0xf8, 0x00, 0x40, 0xf8, 0x20, 0x68, 0xf9, 0x80, 0xab, 0xfc, 0x69, 0xee, 0xfc, 0x2a, 0xe4, 0xf9, 0x00, 0x92, 0xf8, 0x20, 0x5a, 0xf8, 0x00, 0x35, 0xf8, 0x00, 0x17, 0xf8, 0x00, 0x05, 0x00, 0x00, 0x00, 
  0x00, 0x00, 0x00, 0xf8, 0x00, 0x09, 0xf8, 0x00, 0x1f, 0xf8, 0x00, 0x40, 0xf8, 0x20, 0x67, 0xf9, 0x80, 0xa9, 0xfc, 0x69, 0xed, 0xfc, 0x4a, 0xe3, 0xf9, 0x00, 0x91, 0xf8, 0x20, 0x59, 0xf8, 0x00, 0x34, 0xf8, 0x00, 0x16, 0xf8, 0x00, 0x05, 0x00, 0x00, 0x00, 
  0x00, 0x00, 0x00, 0xf8, 0x00, 0x09, 0xf8, 0x00, 0x1e, 0xf8, 0x00, 0x3f, 0xf8, 0x20, 0x65, 0xf9, 0x80, 0xa6, 0xfc, 0x69, 0xec, 0xfc, 0x4a, 0xe2, 0xf9, 0x00, 0x8e, 0xf8, 0x20, 0x58, 0xf8, 0x00, 0x34, 0xf8, 0x00, 0x16, 0xf8, 0x00, 0x05, 0x00, 0x00, 0x00, 
  0x00, 0x00, 0x00, 0xf8, 0x00, 0x08, 0xf8, 0x00, 0x1e, 0xf8, 0x00, 0x3e, 0xf8, 0x20, 0x64, 0xf9, 0x80, 0xa5, 0xfc, 0x69, 0xec, 0xfc, 0x2a, 0xe1, 0xf9, 0x00, 0x8d, 0xf8, 0x20, 0x57, 0xf8, 0x00, 0x33, 0xf8, 0x00, 0x16, 0xf8, 0x00, 0x05, 0x00, 0x00, 0x00, 
  0x00, 0x00, 0x00, 0xf8, 0x00, 0x08, 0xf8, 0x00, 0x1d, 0xf8, 0x00, 0x3d, 0xf8, 0x20, 0x63, 0xf9, 0x80, 0xa3, 0xfc, 0x69, 0xeb, 0xfc, 0x4a, 0xe0, 0xf9, 0x00, 0x8b, 0xf8, 0x20, 0x56, 0xf8, 0x00, 0x33, 0xf8, 0x00, 0x15, 0xf8, 0x00, 0x05, 0x00, 0x00, 0x00, 
  0x00, 0x00, 0x00, 0xf8, 0x00, 0x08, 0xf8, 0x00, 0x1d, 0xf8, 0x00, 0x3c, 0xf8, 0x20, 0x62, 0xf9, 0x80, 0xa1, 0xfc, 0x69, 0xea, 0xfc, 0x4a, 0xdf, 0xf9, 0x00, 0x8a, 0xf8, 0x00, 0x54, 0xf8, 0x00, 0x32, 0xf8, 0x00, 0x15, 0xf8, 0x00, 0x05, 0x00, 0x00, 0x00, 
  0x00, 0x00, 0x00, 0xf8, 0x00, 0x08, 0xf8, 0x00, 0x1d, 0xf8, 0x00, 0x3c, 0xf8, 0x20, 0x61, 0xf9, 0x80, 0xa0, 0xfc, 0x69, 0xe9, 0xfc, 0x2a, 0xde, 0xf9, 0x00, 0x87, 0xf8, 0x00, 0x54, 0xf8, 0x00, 0x31, 0xf8, 0x00, 0x15, 0xf8, 0x00, 0x05, 0x00, 0x00, 0x00, 
  0x00, 0x00, 0x00, 0xf8, 0x00, 0x08, 0xf8, 0x00, 0x1c, 0xf8, 0x00, 0x3b, 0xf8, 0x20, 0x5f, 0xf9, 0x60, 0x9e, 0xfc, 0x49, 0xe8, 0xfc, 0x2a, 0xdd, 0xf8, 0xe0, 0x86, 0xf8, 0x00, 0x52, 0xf8, 0x00, 0x31, 0xf8, 0x00, 0x14, 0xf8, 0x00, 0x05, 0x00, 0x00, 0x00, 
  0x00, 0x00, 0x00, 0xf8, 0x00, 0x08, 0xf8, 0x00, 0x1c, 0xf8, 0x00, 0x3a, 0xf8, 0x20, 0x5e, 0xf9, 0x80, 0x9c, 0xfc, 0x69, 0xe7, 0xfc, 0x2a, 0xdc, 0xf8, 0xe0, 0x84, 0xf8, 0x00, 0x52, 0xf8, 0x00, 0x30, 0xf8, 0x00, 0x14, 0xf8, 0x00, 0x05, 0x00, 0x00, 0x00, 
  0x00, 0x00, 0x00, 0xf8, 0x00, 0x08, 0xf8, 0x00, 0x1b, 0xf8, 0x00, 0x3a, 0xf8, 0x20, 0x5d, 0xf9, 0x80, 0x9b, 0xfc, 0x49, 0xe6, 0xfc, 0x2a, 0xdb, 0xf8, 0xe0, 0x82, 0xf8, 0x00, 0x51, 0xf8, 0x00, 0x2f, 0xf8, 0x00, 0x13, 0xf8, 0x00, 0x05, 0x00, 0x00, 0x00, 
  0x00, 0x00, 0x00, 0xf8, 0x00, 0x07, 0xf8, 0x00, 0x1b, 0xf8, 0x00, 0x39, 0xf8, 0x20, 0x5b, 0xf9, 0x60, 0x98, 0xfc, 0x49, 0xe6, 0xfc, 0x2a, 0xd9, 0xf8, 0xe0, 0x80, 0xf8, 0x00, 0x50, 0xf8, 0x00, 0x2f, 0xf8, 0x00, 0x13, 0xf8, 0x00, 0x04, 0x00, 0x00, 0x00, 
  0x00, 0x00, 0x00, 0xf8, 0x00, 0x07, 0xf8, 0x00, 0x1b, 0xf8, 0x00, 0x38, 0xf8, 0x20, 0x5a, 0xf9, 0x60, 0x97, 0xfc, 0x49, 0xe4, 0xfc, 0x2a, 0xd8, 0xf8, 0xe0, 0x7f, 0xf8, 0x00, 0x4f, 0xf8, 0x00, 0x2e, 0xf8, 0x00, 0x13, 0xf8, 0x00, 0x04, 0x00, 0x00, 0x00, 
  0x00, 0x00, 0x00, 0xf8, 0x00, 0x07, 0xf8, 0x00, 0x1a, 0xf8, 0x00, 0x37, 0xf8, 0x20, 0x59, 0xf9, 0x60, 0x95, 0xfc, 0x49, 0xe4, 0xfc, 0x2a, 0xd7, 0xf8, 0xe0, 0x7d, 0xf8, 0x00, 0x4d, 0xf8, 0x00, 0x2e, 0xf8, 0x00, 0x12, 0xf8, 0x00, 0x04, 0x00, 0x00, 0x00, 
  0x00, 0x00, 0x00, 0xf8, 0x00, 0x07, 0xf8, 0x00, 0x1a, 0xf8, 0x00, 0x37, 0xf8, 0x20, 0x58, 0xf9, 0x60, 0x93, 0xfc, 0x49, 0xe2, 0xfc, 0x29, 0xd6, 0xf8, 0xc0, 0x7b, 0xf8, 0x00, 0x4d, 0xf8, 0x00, 0x2d, 0xf8, 0x00, 0x12, 0xf8, 0x00, 0x04, 0x00, 0x00, 0x00, 
  0x00, 0x00, 0x00, 0xf8, 0x00, 0x07, 0xf8, 0x00, 0x1a, 0xf8, 0x00, 0x36, 0xf8, 0x20, 0x57, 0xf9, 0x60, 0x91, 0xfc, 0x49, 0xe1, 0xfc, 0x29, 0xd5, 0xf8, 0xc0, 0x79, 0xf8, 0x00, 0x4b, 0xf8, 0x00, 0x2c, 0xf8, 0x00, 0x12, 0xf8, 0x00, 0x04, 0x00, 0x00, 0x00, 
  0x00, 0x00, 0x00, 0xf8, 0x00, 0x07, 0xf8, 0x00, 0x19, 0xf8, 0x00, 0x35, 0xf8, 0x20, 0x56, 0xf9, 0x60, 0x8f, 0xfc, 0x29, 0xe0, 0xfc, 0x29, 0xd2, 0xf8, 0xe0, 0x78, 0xf8, 0x00, 0x4a, 0xf8, 0x00, 0x2c, 0xf8, 0x00, 0x12, 0xf8, 0x00, 0x04, 0x00, 0x00, 0x00, 
  0x00, 0x00, 0x00, 0xf8, 0x00, 0x07, 0xf8, 0x00, 0x19, 0xf8, 0x00, 0x34, 0xf8, 0x20, 0x54, 0xf9, 0x60, 0x8d, 0xfc, 0x28, 0xdf, 0xfc, 0x09, 0xd2, 0xf8, 0xe0, 0x76, 0xf8, 0x00, 0x49, 0xf8, 0x00, 0x2b, 0xf8, 0x00, 0x11, 0xf8, 0x00, 0x04, 0x00, 0x00, 0x00, 
  0x00, 0x00, 0x00, 0xf8, 0x00, 0x07, 0xf8, 0x00, 0x19, 0xf8, 0x00, 0x33, 0xf8, 0x20, 0x53, 0xf9, 0x60, 0x8c, 0xfc, 0x08, 0xdd, 0xfc, 0x09, 0xcf, 0xf8, 0xc0, 0x75, 0xf8, 0x00, 0x48, 0xf8, 0x00, 0x2a, 0xf8, 0x00, 0x11, 0xf8, 0x00, 0x04, 0x00, 0x00, 0x00, 
  0x00, 0x00, 0x00, 0xf8, 0x00, 0x06, 0xf8, 0x00, 0x18, 0xf8, 0x00, 0x33, 0xf8, 0x20, 0x51, 0xf9, 0x40, 0x8b, 0xfc, 0x29, 0xdc, 0xfc, 0x09, 0xce, 0xf8, 0xc0, 0x73, 0xf8, 0x00, 0x47, 0xf8, 0x00, 0x2a, 0xf8, 0x00, 0x11, 0xf8, 0x00, 0x03, 0x00, 0x00, 0x00, 
  0x00, 0x00, 0x00, 0xf8, 0x00, 0x06, 0xf8, 0x00, 0x18, 0xf8, 0x00, 0x32, 0xf8, 0x20, 0x50, 0xf9, 0x40, 0x88, 0xfc, 0x28, 0xda, 0xfc, 0x09, 0xcc, 0xf8, 0xc0, 0x71, 0xf8, 0x00, 0x46, 0xf8, 0x00, 0x29, 0xf8, 0x00, 0x11, 0xf8, 0x00, 0x03, 0x00, 0x00, 0x00, 
  0x00, 0x00, 0x00, 0xf8, 0x00, 0x06, 0xf8, 0x00, 0x17, 0xf8, 0x00, 0x31, 0xf8, 0x20, 0x4f, 0xf9, 0x60, 0x86, 0xfc, 0x08, 0xd9, 0xfb, 0xe9, 0xca, 0xf8, 0xc0, 0x6f, 0xf8, 0x00, 0x45, 0xf8, 0x00, 0x28, 0xf8, 0x00, 0x10, 0xf8, 0x00, 0x03, 0x00, 0x00, 0x00, 
  0x00, 0x00, 0x00, 0xf8, 0x00, 0x06, 0xf8, 0x00, 0x17, 0xf8, 0x00, 0x31, 0xf8, 0x20, 0x4d, 0xf9, 0x60, 0x84, 0xfc, 0x08, 0xd7, 0xfb, 0xe9, 0xc8, 0xf8, 0xc0, 0x6e, 0xf8, 0x00, 0x43, 0xf8, 0x00, 0x28, 0xf8, 0x00, 0x10, 0xf8, 0x00, 0x03, 0x00, 0x00, 0x00, 
  0x00, 0x00, 0x00, 0xf8, 0x00, 0x06, 0xf8, 0x00, 0x16, 0xf8, 0x00, 0x30, 0xf8, 0x20, 0x4d, 0xf9, 0x40, 0x82, 0xfc, 0x08, 0xd6, 0xfb, 0xe8, 0xc7, 0xf8, 0xc0, 0x6c, 0xf8, 0x00, 0x42, 0xf8, 0x00, 0x27, 0xf8, 0x00, 0x10, 0xf8, 0x00, 0x03, 0x00, 0x00, 0x00, 
  0x00, 0x00, 0x00, 0xf8, 0x00, 0x06, 0xf8, 0x00, 0x16, 0xf8, 0x00, 0x2f, 0xf8, 0x20, 0x4b, 0xf9, 0x60, 0x81, 0xfc, 0x07, 0xd3, 0xfb, 0xe8, 0xc5, 0xf8, 0xc0, 0x6a, 0xf8, 0x00, 0x41, 0xf8, 0x00, 0x27, 0xf8, 0x00, 0x10, 0xf8, 0x00, 0x03, 0x00, 0x00, 0x00, 
  0x00, 0x00, 0x00, 0xf8, 0x00, 0x06, 0xf8, 0x00, 0x16, 0xf8, 0x00, 0x2e, 0xf8, 0x20, 0x4a, 0xf9, 0x40, 0x7f, 0xfb, 0xe7, 0xd1, 0xfb, 0xc8, 0xc3, 0xf8, 0xc0, 0x69, 0xf8, 0x00, 0x40, 0xf8, 0x00, 0x26, 0xf8, 0x00, 0x0f, 0xf8, 0x00, 0x03, 0x00, 0x00, 0x00, 
  0x00, 0x00, 0x00, 0xf8, 0x00, 0x06, 0xf8, 0x00, 0x15, 0xf8, 0x00, 0x2e, 0xf8, 0x20, 0x48, 0xf9, 0x40, 0x7d, 0xfb, 0xc7, 0xd0, 0xfb, 0xc8, 0xc0, 0xf8, 0xc0, 0x67, 0xf8, 0x00, 0x3f, 0xf8, 0x00, 0x25, 0xf8, 0x00, 0x0f, 0xf8, 0x00, 0x03, 0x00, 0x00, 0x00, 
  0x00, 0x00, 0x00, 0xf8, 0x00, 0x06, 0xf8, 0x00, 0x15, 0xf8, 0x00, 0x2d, 0xf8, 0x20, 0x47, 0xf9, 0x40, 0x7b, 0xfb, 0xc7, 0xce, 0xfb, 0xa7, 0xbe, 0xf8, 0xc0, 0x65, 0xf8, 0x00, 0x3e, 0xf8, 0x00, 0x25, 0xf8, 0x00, 0x0f, 0xf8, 0x00, 0x03, 0x00, 0x00, 0x00, 
  0x00, 0x00, 0x00, 0xf8, 0x00, 0x06, 0xf8, 0x00, 0x14, 0xf8, 0x00, 0x2c, 0xf8, 0x20, 0x46, 0xf9, 0x40, 0x79, 0xfb, 0xa6, 0xcc, 0xfb, 0xa7, 0xbc, 0xf8, 0xc0, 0x64, 0xf8, 0x00, 0x3d, 0xf8, 0x00, 0x24, 0xf8, 0x00, 0x0e, 0xf8, 0x00, 0x03, 0x00, 0x00, 0x00, 
  0x00, 0x00, 0x00, 0xf8, 0x00, 0x05, 0xf8, 0x00, 0x14, 0xf8, 0x00, 0x2b, 0xf8, 0x20, 0x44, 0xf9, 0x40, 0x77, 0xfb, 0xa7, 0xca, 0xfb, 0x87, 0xb9, 0xf8, 0xa0, 0x62, 0xf8, 0x00, 0x3c, 0xf8, 0x00, 0x24, 0xf8, 0x00, 0x0e, 0xf8, 0x00, 0x02, 0x00, 0x00, 0x00, 
  0x00, 0x00, 0x00, 0xf8, 0x00, 0x05, 0xf8, 0x00, 0x14, 0xf8, 0x00, 0x2a, 0xf8, 0x20, 0x44, 0xf9, 0x40, 0x75, 0xfb, 0xa6, 0xc8, 0xfb, 0x67, 0xb7, 0xf8, 0xa0, 0x60, 0xf8, 0x00, 0x3b, 0xf8, 0x00, 0x23, 0xf8, 0x00, 0x0e, 0xf8, 0x00, 0x02, 0x00, 0x00, 0x00, 
  0x00, 0x00, 0x00, 0xf8, 0x00, 0x05, 0xf8, 0x00, 0x13, 0xf8, 0x00, 0x2a, 0xf8, 0x20, 0x42, 0xf9, 0x40, 0x73, 0xfb, 0x86, 0xc4, 0xfb, 0x66, 0xb4, 0xf8, 0xc0, 0x5e, 0xf8, 0x00, 0x3a, 0xf8, 0x00, 0x22, 0xf8, 0x00, 0x0e, 0xf8, 0x00, 0x02, 0x00, 0x00, 0x00, 
  0x00, 0x00, 0x00, 0xf8, 0x00, 0x05, 0xf8, 0x00, 0x13, 0xf8, 0x00, 0x29, 0xf8, 0x20, 0x40, 0xf9, 0x40, 0x70, 0xfb, 0x85, 0xc2, 0xfb, 0x66, 0xb1, 0xf8, 0xc0, 0x5b, 0xf8, 0x00, 0x38, 0xf8, 0x00, 0x21, 0xf8, 0x00, 0x0d, 0xf8, 0x00, 0x02, 0x00, 0x00, 0x00, 
  0x00, 0x00, 0x00, 0xf8, 0x00, 0x05, 0xf8, 0x00, 0x12, 0xf8, 0x00, 0x27, 0xf8, 0x20, 0x3e, 0xf9, 0x40, 0x6d, 0xfb, 0x85, 0xbe, 0xfb, 0x66, 0xae, 0xf8, 0xc0, 0x58, 0xf8, 0x00, 0x36, 0xf8, 0x00, 0x20, 0xf8, 0x00, 0x0d, 0xf8, 0x00, 0x02, 0x00, 0x00, 0x00, 
  0x00, 0x00, 0x00, 0xf8, 0x00, 0x05, 0xf8, 0x00, 0x11, 0xf8, 0x00, 0x26, 0xf8, 0x20, 0x3c, 0xf9, 0x40, 0x6a, 0xfb, 0x65, 0xbb, 0xfb, 0x45, 0xa9, 0xf8, 0xa0, 0x55, 0xf8, 0x00, 0x34, 0xf8, 0x00, 0x1f, 0xf8, 0x00, 0x0d, 0xf8, 0x00, 0x02, 0x00, 0x00, 0x00, 
  0x00, 0x00, 0x00, 0xf8, 0x00, 0x04, 0xf8, 0x00, 0x11, 0xf8, 0x00, 0x24, 0xf8, 0x20, 0x39, 0xf9, 0x40, 0x66, 0xfb, 0x64, 0xb7, 0xfb, 0x45, 0xa6, 0xf8, 0xc0, 0x52, 0xf8, 0x00, 0x32, 0xf8, 0x00, 0x1e, 0xf8, 0x00, 0x0c, 0xf8, 0x00, 0x02, 0x00, 0x00, 0x00, 
  0x00, 0x00, 0x00, 0xf8, 0x00, 0x04, 0xf8, 0x00, 0x10, 0xf8, 0x00, 0x22, 0xf8, 0x00, 0x35, 0xf9, 0x60, 0x61, 0xfb, 0x64, 0xb3, 0xfb, 0x44, 0xa0, 0xf8, 0xc0, 0x4d, 0xf8, 0x00, 0x2f, 0xf8, 0x00, 0x1c, 0xf8, 0x00, 0x0b, 0xf8, 0x00, 0x02, 0x00, 0x00, 0x00, 
  0x00, 0x00, 0x00, 0xf8, 0x00, 0x03, 0xf8, 0x00, 0x0f, 0xf8, 0x00, 0x1f, 0xf8, 0x00, 0x31, 0xf9, 0x60, 0x5b, 0xfb, 0x64, 0xae, 0xfb, 0x24, 0x9b, 0xf8, 0xc0, 0x47, 0xf8, 0x00, 0x2b, 0xf8, 0x00, 0x19, 0xf8, 0x00, 0x0a, 0xf8, 0x00, 0x02, 0x00, 0x00, 0x00, 
  0x00, 0x00, 0x00, 0xf8, 0x00, 0x03, 0xf8, 0x00, 0x0d, 0xf8, 0x00, 0x1c, 0xf8, 0x00, 0x2d, 0xf9, 0x60, 0x54, 0xfb, 0x23, 0xa4, 0xfb, 0x04, 0x91, 0xf8, 0xc0, 0x41, 0xf8, 0x00, 0x27, 0xf8, 0x00, 0x17, 0xf8, 0x00, 0x09, 0xf8, 0x00, 0x01, 0x00, 0x00, 0x00, 
  0x00, 0x00, 0x00, 0xf8, 0x00, 0x02, 0xf8, 0x00, 0x0b, 0xf8, 0x00, 0x19, 0xf8, 0x00, 0x28, 0xf9, 0x40, 0x4b, 0xfa, 0xc1, 0x93, 0xfa, 0xa1, 0x7f, 0xf8, 0xc0, 0x3a, 0xf8, 0x00, 0x22, 0xf8, 0x00, 0x14, 0xf8, 0x00, 0x08, 0xf8, 0x00, 0x01, 0x00, 0x00, 0x00, 
  0x00, 0x00, 0x00, 0xf8, 0x00, 0x02, 0xf8, 0x00, 0x0a, 0xf8, 0x00, 0x16, 0xf8, 0x00, 0x22, 0xf9, 0x20, 0x40, 0xfa, 0x80, 0x7a, 0xfa, 0x40, 0x6a, 0xf8, 0xa0, 0x32, 0xf8, 0x00, 0x1e, 0xf8, 0x00, 0x12, 0xf8, 0x00, 0x07, 0xf8, 0x00, 0x01, 0x00, 0x00, 0x00, 
  0x00, 0x00, 0x00, 0xf8, 0x00, 0x02, 0xf8, 0x00, 0x09, 0xf8, 0x00, 0x12, 0xf8, 0x00, 0x1d, 0xf9, 0x00, 0x33, 0xfa, 0x20, 0x5c, 0xf9, 0xe0, 0x51, 0xf8, 0xa0, 0x28, 0xf8, 0x00, 0x19, 0xf8, 0x00, 0x0f, 0xf8, 0x00, 0x06, 0x00, 0x00, 0x00, 0x00, 0x00, 0x00, 
  0x00, 0x00, 0x00, 0xf8, 0x00, 0x01, 0xf8, 0x00, 0x07, 0xf8, 0x00, 0x0e, 0xf8, 0x00, 0x17, 0xf8, 0xa0, 0x26, 0xf9, 0xc0, 0x3f, 0xf9, 0x80, 0x39, 0xf8, 0x40, 0x20, 0xf8, 0x00, 0x14, 0xf8, 0x00, 0x0c, 0xf8, 0x00, 0x05, 0x00, 0x00, 0x00, 0x00, 0x00, 0x00, 
  0x00, 0x00, 0x00, 0xf8, 0x00, 0x01, 0xf8, 0x00, 0x05, 0xf8, 0x00, 0x0c, 0xf8, 0x00, 0x12, 0xf8, 0x40, 0x1b, 0xf9, 0x00, 0x28, 0xf8, 0xe0, 0x24, 0xf8, 0x00, 0x17, 0xf8, 0x00, 0x10, 0xf8, 0x00, 0x09, 0xf8, 0x00, 0x04, 0x00, 0x00, 0x00, 0x00, 0x00, 0x00, 
  0x00, 0x00, 0x00, 0x00, 0x00, 0x00, 0xf8, 0x00, 0x04, 0xf8, 0x00, 0x07, 0xf8, 0x00, 0x0c, 0xf8, 0x00, 0x11, 0xf8, 0xc0, 0x17, 0xf8, 0x60, 0x15, 0xf8, 0x00, 0x10, 0xf8, 0x00, 0x0b, 0xf8, 0x00, 0x06, 0xf8, 0x00, 0x03, 0x00, 0x00, 0x00, 0x00, 0x00, 0x00, 
  0x00, 0x00, 0x00, 0x00, 0x00, 0x00, 0xf8, 0x00, 0x01, 0xf8, 0x00, 0x03, 0xf8, 0x00, 0x06, 0xf8, 0x00, 0x08, 0xf8, 0x00, 0x0a, 0xf8, 0x00, 0x0a, 0xf8, 0x00, 0x08, 0xf8, 0x00, 0x06, 0xf8, 0x00, 0x04, 0xf8, 0x00, 0x01, 0x00, 0x00, 0x00, 0x00, 0x00, 0x00, 
  0x00, 0x00, 0x00, 0x00, 0x00, 0x00, 0x00, 0x00, 0x00, 0xf8, 0x00, 0x01, 0xf8, 0x00, 0x01, 0xf8, 0x00, 0x02, 0xf8, 0x00, 0x03, 0xf8, 0x00, 0x03, 0xf8, 0x00, 0x03, 0xf8, 0x00, 0x02, 0xf8, 0x00, 0x01, 0x00, 0x00, 0x00, 0x00, 0x00, 0x00, 0x00, 0x00, 0x00, 
#endif
#if LV_COLOR_DEPTH == 32
  /*Pixel format: Alpha 8 bit, Red: 8 bit, Green: 8 bit, Blue: 8 bit*/
  0x80, 0xaa, 0xff, 0x12, 0x31, 0x79, 0xff, 0x15, 0x12, 0x5b, 0xff, 0x0e, 0x00, 0x49, 0xff, 0x07, 0x00, 0x40, 0xff, 0x04, 0x00, 0x80, 0xff, 0x02, 0x00, 0x00, 0xff, 0x01, 0x00, 0x00, 0xff, 0x01, 0x00, 0xff, 0xff, 0x01, 0x00, 0x55, 0xff, 0x03, 0x00, 0x49, 0xff, 0x07, 0x00, 0x62, 0xff, 0x0d, 0x2d, 0x78, 0xff, 0x11, 0x6d, 0xa4, 0xff, 0x0e, 
  0x68, 0xa1, 0xff, 0x1b, 0x7d, 0xac, 0xff, 0x31, 0x41, 0x88, 0xff, 0x2f, 0x18, 0x78, 0xff, 0x20, 0x0b, 0x6a, 0xff, 0x18, 0x00, 0x70, 0xff, 0x10, 0x00, 0x80, 0xff, 0x0c, 0x00, 0x80, 0xff, 0x0c, 0x00, 0x77, 0xff, 0x0f, 0x0c, 0x6d, 0xff, 0x15, 0x10, 0x70, 0xff, 0x20, 0x34, 0x80, 0xff, 0x2c, 0x6b, 0xa6, 0xff, 0x2b, 0x85, 0xb1, 0xff, 0x17, 
  0x2a, 0x71, 0xff, 0x12, 0x61, 0x9e, 0xff, 0x37, 0x7e, 0xac, 0xff, 0x59, 0x6f, 0xa3, 0xff, 0x5e, 0x50, 0x94, 0xff, 0x56, 0x40, 0x94, 0xff, 0x4c, 0x56, 0xa5, 0xff, 0x4a, 0x3a, 0x93, 0xff, 0x42, 0x3b, 0x8f, 0xff, 0x49, 0x4c, 0x92, 0xff, 0x54, 0x62, 0x9d, 0xff, 0x5e, 0x7d, 0xab, 0xff, 0x58, 0x74, 0xa2, 0xff, 0x37, 0x40, 0x8f, 0xff, 0x10, 
  0x00, 0x39, 0xff, 0x09, 0x1d, 0x5f, 0xff, 0x23, 0x49, 0x83, 0xff, 0x50, 0x70, 0x9e, 0xff, 0x79, 0x7b, 0xab, 0xff, 0x91, 0x9c, 0xc5, 0xfd, 0xa7, 0xc9, 0xe1, 0xfe, 0xd4, 0xc3, 0xde, 0xff, 0xc8, 0x94, 0xbf, 0xfd, 0xa4, 0x81, 0xad, 0xff, 0x96, 0x78, 0xa3, 0xff, 0x82, 0x58, 0x90, 0xff, 0x57, 0x29, 0x75, 0xff, 0x25, 0x00, 0x40, 0xff, 0x08, 
  0x00, 0x00, 0xff, 0x04, 0x00, 0x26, 0xff, 0x14, 0x05, 0x36, 0xff, 0x34, 0x19, 0x4e, 0xff, 0x5c, 0x35, 0x6d, 0xfd, 0x83, 0x67, 0xa1, 0xfd, 0xa9, 0xbd, 0xd8, 0xfd, 0xe1, 0xc1, 0xda, 0xfe, 0xe1, 0x63, 0x9b, 0xfe, 0xaa, 0x43, 0x76, 0xff, 0x8a, 0x1f, 0x56, 0xff, 0x62, 0x09, 0x42, 0xff, 0x36, 0x00, 0x36, 0xff, 0x13, 0x00, 0x00, 0xff, 0x03, 
  0x00, 0x00, 0xff, 0x03, 0x00, 0x00, 0xff, 0x10, 0x00, 0x0c, 0xff, 0x29, 0x00, 0x14, 0xff, 0x4c, 0x04, 0x2b, 0xff, 0x76, 0x07, 0x56, 0xfa, 0x9a, 0x90, 0xbf, 0xfb, 0xce, 0x92, 0xbd, 0xfb, 0xd2, 0x08, 0x4b, 0xfc, 0x98, 0x04, 0x29, 0xff, 0x76, 0x00, 0x1b, 0xff, 0x4b, 0x00, 0x14, 0xff, 0x26, 0x00, 0x15, 0xff, 0x0c, 0x00, 0x00, 0xff, 0x02, 
  0x00, 0x00, 0xff, 0x03, 0x00, 0x00, 0xff, 0x10, 0x00, 0x00, 0xff, 0x2a, 0x00, 0x03, 0xff, 0x4e, 0x00, 0x16, 0xfd, 0x7d, 0x00, 0x48, 0xf9, 0xaa, 0x8d, 0xbd, 0xfa, 0xd7, 0x89, 0xb6, 0xfa, 0xd8, 0x00, 0x38, 0xfa, 0xa5, 0x00, 0x0d, 0xff, 0x75, 0x00, 0x04, 0xff, 0x47, 0x00, 0x00, 0xff, 0x23, 0x00, 0x00, 0xff, 0x0b, 0x00, 0x00, 0xff, 0x02, 
  0x00, 0x00, 0xff, 0x04, 0x00, 0x00, 0xff, 0x11, 0x00, 0x00, 0xff, 0x2c, 0x00, 0x00, 0xff, 0x55, 0x00, 0x12, 0xfd, 0x8a, 0x00, 0x46, 0xfa, 0xbb, 0x85, 0xb6, 0xfa, 0xe1, 0x83, 0xb3, 0xfb, 0xe4, 0x00, 0x34, 0xfb, 0xb4, 0x00, 0x0a, 0xff, 0x7b, 0x00, 0x00, 0xff, 0x49, 0x00, 0x00, 0xff, 0x23, 0x00, 0x00, 0xff, 0x0b, 0x00, 0x00, 0xff, 0x02, 
  0x00, 0x00, 0xff, 0x04, 0x00, 0x00, 0xff, 0x11, 0x00, 0x00, 0xff, 0x2f, 0x00, 0x00, 0xff, 0x59, 0x00, 0x13, 0xfd, 0x90, 0x00, 0x45, 0xf9, 0xc9, 0x7e, 0xb3, 0xfa, 0xe8, 0x83, 0xb2, 0xfb, 0xea, 0x00, 0x34, 0xfa, 0xbc, 0x00, 0x0a, 0xff, 0x7e, 0x00, 0x00, 0xff, 0x4c, 0x00, 0x00, 0xff, 0x24, 0x00, 0x00, 0xff, 0x0b, 0x00, 0x00, 0xff, 0x02, 
  0x00, 0x00, 0xff, 0x03, 0x00, 0x00, 0xff, 0x11, 0x00, 0x00, 0xff, 0x2f, 0x00, 0x00, 0xff, 0x5d, 0x00, 0x13, 0xfd, 0x96, 0x00, 0x44, 0xfa, 0xd2, 0x7e, 0xb3, 0xfa, 0xee, 0x82, 0xb2, 0xfb, 0xee, 0x00, 0x33, 0xfb, 0xc3, 0x00, 0x08, 0xff, 0x81, 0x00, 0x00, 0xff, 0x4d, 0x00, 0x00, 0xff, 0x24, 0x00, 0x00, 0xff, 0x0b, 0x00, 0x00, 0xff, 0x02, 
  0x00, 0x00, 0xff, 0x03, 0x00, 0x00, 0xff, 0x11, 0x00, 0x00, 0xff, 0x30, 0x00, 0x00, 0xff, 0x5d, 0x00, 0x12, 0xfd, 0x98, 0x00, 0x43, 0xf9, 0xd6, 0x7b, 0xb1, 0xfa, 0xf1, 0x81, 0xaf, 0xfa, 0xf2, 0x00, 0x33, 0xfb, 0xc4, 0x00, 0x08, 0xfd, 0x83, 0x00, 0x00, 0xff, 0x4d, 0x00, 0x00, 0xff, 0x25, 0x00, 0x00, 0xff, 0x0b, 0x00, 0x00, 0xff, 0x02, 
  0x00, 0x00, 0xff, 0x03, 0x00, 0x00, 0xff, 0x12, 0x00, 0x00, 0xff, 0x30, 0x00, 0x00, 0xff, 0x5e, 0x00, 0x11, 0xfd, 0x9a, 0x00, 0x43, 0xf9, 0xd8, 0x7b, 0xb1, 0xf9, 0xf4, 0x81, 0xb0, 0xfb, 0xf3, 0x00, 0x32, 0xfb, 0xc8, 0x00, 0x08, 0xfd, 0x84, 0x00, 0x00, 0xff, 0x4e, 0x00, 0x00, 0xff, 0x25, 0x00, 0x00, 0xff, 0x0b, 0x00, 0x00, 0xff, 0x02, 
  0x00, 0x00, 0xff, 0x03, 0x00, 0x00, 0xff, 0x11, 0x00, 0x00, 0xff, 0x31, 0x00, 0x00, 0xff, 0x5f, 0x00, 0x10, 0xfd, 0x9b, 0x00, 0x44, 0xf9, 0xdb, 0x79, 0xaf, 0xfa, 0xf6, 0x80, 0xaf, 0xfa, 0xf6, 0x00, 0x31, 0xfa, 0xca, 0x00, 0x08, 0xff, 0x85, 0x00, 0x00, 0xff, 0x4e, 0x00, 0x00, 0xff, 0x24, 0x00, 0x00, 0xff, 0x0b, 0x00, 0x00, 0xff, 0x01, 
  0x00, 0x00, 0xff, 0x03, 0x00, 0x00, 0xff, 0x11, 0x00, 0x00, 0xff, 0x31, 0x00, 0x00, 0xff, 0x5f, 0x00, 0x12, 0xfd, 0x9b, 0x00, 0x42, 0xfa, 0xdc, 0x75, 0xad, 0xfa, 0xf7, 0x79, 0xab, 0xfa, 0xf6, 0x00, 0x31, 0xfb, 0xcb, 0x00, 0x08, 0xfd, 0x86, 0x00, 0x00, 0xff, 0x4f, 0x00, 0x00, 0xff, 0x25, 0x00, 0x00, 0xff, 0x0b, 0x00, 0x00, 0xff, 0x01, 
  0x00, 0x00, 0xff, 0x03, 0x00, 0x00, 0xff, 0x11, 0x00, 0x00, 0xff, 0x31, 0x00, 0x00, 0xff, 0x60, 0x00, 0x10, 0xfd, 0x9c, 0x00, 0x41, 0xf9, 0xdf, 0x6e, 0xa9, 0xfa, 0xf8, 0x74, 0xa8, 0xfa, 0xf7, 0x00, 0x31, 0xfa, 0xcd, 0x00, 0x08, 0xff, 0x86, 0x00, 0x00, 0xff, 0x4f, 0x00, 0x00, 0xff, 0x24, 0x00, 0x00, 0xff, 0x0b, 0x00, 0x00, 0xff, 0x01, 
  0x00, 0x00, 0xff, 0x03, 0x00, 0x00, 0xff, 0x12, 0x00, 0x00, 0xff, 0x30, 0x00, 0x00, 0xff, 0x5f, 0x00, 0x10, 0xfd, 0x9c, 0x00, 0x42, 0xf9, 0xe0, 0x69, 0xa5, 0xf9, 0xf9, 0x6e, 0xa5, 0xfa, 0xf7, 0x00, 0x30, 0xfa, 0xce, 0x00, 0x08, 0xfd, 0x86, 0x00, 0x00, 0xff, 0x4f, 0x00, 0x00, 0xff, 0x24, 0x00, 0x00, 0xff, 0x0b, 0x00, 0x00, 0xff, 0x01, 
  0x00, 0x00, 0xff, 0x03, 0x00, 0x00, 0xff, 0x11, 0x00, 0x00, 0xff, 0x30, 0x00, 0x00, 0xff, 0x5f, 0x00, 0x10, 0xfd, 0x9c, 0x00, 0x41, 0xfa, 0xdf, 0x68, 0xa4, 0xfa, 0xfa, 0x6f, 0xa4, 0xfa, 0xf9, 0x00, 0x31, 0xfb, 0xcd, 0x00, 0x08, 0xfd, 0x87, 0x00, 0x00, 0xff, 0x4f, 0x00, 0x00, 0xff, 0x24, 0x00, 0x00, 0xff, 0x0b, 0x00, 0x00, 0xff, 0x01, 
  0x00, 0x00, 0xff, 0x03, 0x00, 0x00, 0xff, 0x11, 0x00, 0x00, 0xff, 0x30, 0x00, 0x00, 0xff, 0x5e, 0x00, 0x10, 0xfd, 0x9b, 0x00, 0x41, 0xf9, 0xe0, 0x68, 0xa4, 0xf9, 0xfb, 0x6f, 0xa4, 0xfa, 0xf9, 0x00, 0x2f, 0xfb, 0xcd, 0x00, 0x08, 0xfd, 0x85, 0x00, 0x00, 0xff, 0x4e, 0x00, 0x00, 0xff, 0x24, 0x00, 0x00, 0xff, 0x0b, 0x00, 0x00, 0xff, 0x01, 
  0x00, 0x00, 0xff, 0x03, 0x00, 0x00, 0xff, 0x11, 0x00, 0x00, 0xff, 0x2f, 0x00, 0x00, 0xff, 0x5e, 0x00, 0x10, 0xfd, 0x9b, 0x00, 0x40, 0xf9, 0xdf, 0x68, 0xa5, 0xf9, 0xfc, 0x6e, 0xa3, 0xfa, 0xfa, 0x00, 0x2f, 0xfb, 0xcc, 0x00, 0x08, 0xfd, 0x85, 0x00, 0x00, 0xff, 0x4e, 0x00, 0x00, 0xff, 0x24, 0x00, 0x00, 0xff, 0x0a, 0x00, 0x00, 0xff, 0x01, 
  0x00, 0x00, 0xff, 0x03, 0x00, 0x00, 0xff, 0x10, 0x00, 0x00, 0xff, 0x30, 0x00, 0x00, 0xff, 0x5d, 0x00, 0x0f, 0xfd, 0x99, 0x00, 0x40, 0xfa, 0xdf, 0x68, 0xa5, 0xf9, 0xfd, 0x6f, 0xa5, 0xfa, 0xfb, 0x00, 0x2f, 0xfb, 0xcc, 0x00, 0x08, 0xff, 0x84, 0x00, 0x00, 0xff, 0x4e, 0x00, 0x00, 0xff, 0x24, 0x00, 0x00, 0xff, 0x0a, 0x00, 0x00, 0xff, 0x01, 
  0x00, 0x00, 0xff, 0x03, 0x00, 0x00, 0xff, 0x10, 0x00, 0x00, 0xff, 0x2f, 0x00, 0x00, 0xff, 0x5c, 0x00, 0x0f, 0xfd, 0x99, 0x00, 0x40, 0xf9, 0xdf, 0x6a, 0xa4, 0xfa, 0xfd, 0x6f, 0xa5, 0xfa, 0xfb, 0x00, 0x2e, 0xfc, 0xcb, 0x00, 0x06, 0xfd, 0x84, 0x00, 0x00, 0xff, 0x4d, 0x00, 0x00, 0xff, 0x23, 0x00, 0x00, 0xff, 0x0a, 0x00, 0x00, 0xff, 0x01, 
  0x00, 0x00, 0xff, 0x03, 0x00, 0x00, 0xff, 0x10, 0x00, 0x00, 0xff, 0x2f, 0x00, 0x00, 0xff, 0x5c, 0x00, 0x0d, 0xfd, 0x98, 0x00, 0x3f, 0xf9, 0xdf, 0x68, 0xa4, 0xf9, 0xfe, 0x6d, 0xa3, 0xfa, 0xfb, 0x00, 0x2d, 0xfb, 0xca, 0x00, 0x06, 0xfd, 0x83, 0x00, 0x00, 0xff, 0x4c, 0x00, 0x00, 0xff, 0x23, 0x00, 0x00, 0xff, 0x0a, 0x00, 0x00, 0xff, 0x01, 
  0x00, 0x00, 0xff, 0x03, 0x00, 0x00, 0xff, 0x10, 0x00, 0x00, 0xff, 0x2e, 0x00, 0x00, 0xff, 0x5b, 0x00, 0x0e, 0xfd, 0x96, 0x00, 0x3e, 0xf9, 0xdd, 0x67, 0xa3, 0xf9, 0xfe, 0x6e, 0xa3, 0xfa, 0xfa, 0x00, 0x2e, 0xfb, 0xc8, 0x00, 0x06, 0xff, 0x81, 0x00, 0x00, 0xff, 0x4c, 0x00, 0x00, 0xff, 0x23, 0x00, 0x00, 0xff, 0x0a, 0x00, 0x00, 0xff, 0x01, 
  0x00, 0x00, 0xff, 0x02, 0x00, 0x00, 0xff, 0x10, 0x00, 0x00, 0xff, 0x2e, 0x00, 0x00, 0xff, 0x5a, 0x00, 0x0e, 0xfd, 0x95, 0x00, 0x3d, 0xf9, 0xdc, 0x69, 0xa4, 0xfa, 0xfd, 0x6c, 0xa2, 0xfa, 0xfa, 0x00, 0x2d, 0xfb, 0xc7, 0x00, 0x06, 0xff, 0x7f, 0x00, 0x00, 0xff, 0x4b, 0x00, 0x00, 0xff, 0x22, 0x00, 0x00, 0xff, 0x0a, 0x00, 0x00, 0xff, 0x01, 
  0x00, 0x00, 0xff, 0x02, 0x00, 0x00, 0xff, 0x10, 0x00, 0x00, 0xff, 0x2d, 0x00, 0x00, 0xff, 0x59, 0x00, 0x0e, 0xfd, 0x93, 0x00, 0x3e, 0xf9, 0xdb, 0x62, 0x9f, 0xf9, 0xfd, 0x66, 0x9e, 0xfa, 0xfa, 0x00, 0x2d, 0xfb, 0xc6, 0x00, 0x06, 0xff, 0x7e, 0x00, 0x00, 0xff, 0x4a, 0x00, 0x00, 0xff, 0x22, 0x00, 0x00, 0xff, 0x0a, 0x00, 0x00, 0xff, 0x01, 
  0x00, 0x00, 0xff, 0x02, 0x00, 0x00, 0xff, 0x10, 0x00, 0x00, 0xff, 0x2d, 0x00, 0x00, 0xff, 0x59, 0x00, 0x0e, 0xfd, 0x92, 0x00, 0x3d, 0xf9, 0xd9, 0x5b, 0x9b, 0xf9, 0xfc, 0x63, 0x9d, 0xfa, 0xf9, 0x00, 0x2c, 0xfb, 0xc4, 0x00, 0x06, 0xff, 0x7d, 0x00, 0x00, 0xff, 0x4a, 0x00, 0x00, 0xff, 0x22, 0x00, 0x00, 0xff, 0x09, 0x00, 0x00, 0xff, 0x01, 
  0x00, 0x00, 0xff, 0x02, 0x00, 0x00, 0xff, 0x0f, 0x00, 0x00, 0xff, 0x2c, 0x00, 0x00, 0xff, 0x58, 0x00, 0x0e, 0xfd, 0x91, 0x00, 0x3c, 0xf9, 0xd8, 0x53, 0x96, 0xf8, 0xfc, 0x5a, 0x94, 0xf9, 0xf9, 0x00, 0x2c, 0xfb, 0xc3, 0x00, 0x06, 0xfd, 0x7d, 0x00, 0x00, 0xff, 0x49, 0x00, 0x00, 0xff, 0x21, 0x00, 0x00, 0xff, 0x09, 0x00, 0x00, 0xff, 0x01, 
  0x00, 0x00, 0xff, 0x02, 0x00, 0x00, 0xff, 0x0f, 0x00, 0x00, 0xff, 0x2c, 0x00, 0x00, 0xff, 0x57, 0x00, 0x0e, 0xfd, 0x90, 0x00, 0x3c, 0xf9, 0xd7, 0x52, 0x96, 0xf8, 0xfb, 0x58, 0x94, 0xf9, 0xf8, 0x00, 0x2b, 0xfb, 0xc2, 0x00, 0x06, 0xfd, 0x7b, 0x00, 0x00, 0xff, 0x48, 0x00, 0x00, 0xff, 0x21, 0x00, 0x00, 0xff, 0x09, 0x00, 0x00, 0x00, 0x00, 
  0x00, 0x00, 0xff, 0x02, 0x00, 0x00, 0xff, 0x0f, 0x00, 0x00, 0xff, 0x2b, 0x00, 0x00, 0xff, 0x56, 0x00, 0x0d, 0xfd, 0x8e, 0x00, 0x3c, 0xf9, 0xd6, 0x51, 0x95, 0xf8, 0xfb, 0x58, 0x95, 0xf9, 0xf7, 0x00, 0x2c, 0xfb, 0xc0, 0x00, 0x06, 0xff, 0x7a, 0x00, 0x00, 0xff, 0x48, 0x00, 0x00, 0xff, 0x20, 0x00, 0x00, 0xff, 0x09, 0x00, 0x00, 0x00, 0x00, 
  0x00, 0x00, 0xff, 0x02, 0x00, 0x00, 0xff, 0x0f, 0x00, 0x00, 0xff, 0x2b, 0x00, 0x00, 0xff, 0x55, 0x00, 0x0d, 0xff, 0x8d, 0x00, 0x3c, 0xfa, 0xd4, 0x4b, 0x92, 0xf9, 0xfa, 0x4f, 0x8d, 0xf8, 0xf7, 0x00, 0x2b, 0xfc, 0xbe, 0x00, 0x06, 0xff, 0x79, 0x00, 0x00, 0xff, 0x47, 0x00, 0x00, 0xff, 0x20, 0x00, 0x00, 0xff, 0x09, 0x00, 0x00, 0x00, 0x00, 
  0x00, 0x00, 0xff, 0x02, 0x00, 0x00, 0xff, 0x0e, 0x00, 0x00, 0xff, 0x2a, 0x00, 0x00, 0xff, 0x55, 0x00, 0x0d, 0xfd, 0x8c, 0x00, 0x3b, 0xfa, 0xd3, 0x47, 0x8f, 0xf9, 0xfa, 0x49, 0x8a, 0xf9, 0xf6, 0x00, 0x2a, 0xfb, 0xbd, 0x00, 0x04, 0xff, 0x78, 0x00, 0x00, 0xff, 0x46, 0x00, 0x00, 0xff, 0x20, 0x00, 0x00, 0xff, 0x09, 0x00, 0x00, 0x00, 0x00, 
  0x00, 0x00, 0xff, 0x02, 0x00, 0x00, 0xff, 0x0d, 0x00, 0x00, 0xff, 0x2a, 0x00, 0x00, 0xff, 0x54, 0x00, 0x0b, 0xfd, 0x8a, 0x00, 0x3b, 0xfa, 0xd1, 0x48, 0x91, 0xf9, 0xfa, 0x47, 0x87, 0xf9, 0xf5, 0x00, 0x29, 0xfb, 0xbb, 0x00, 0x04, 0xff, 0x77, 0x00, 0x00, 0xff, 0x46, 0x00, 0x00, 0xff, 0x20, 0x00, 0x00, 0xff, 0x08, 0x00, 0x00, 0x00, 0x00, 
  0x00, 0x00, 0xff, 0x02, 0x00, 0x00, 0xff, 0x0d, 0x00, 0x00, 0xff, 0x2a, 0x00, 0x00, 0xff, 0x53, 0x00, 0x0b, 0xff, 0x89, 0x00, 0x3b, 0xfa, 0xd0, 0x47, 0x90, 0xf9, 0xfa, 0x48, 0x88, 0xf9, 0xf5, 0x00, 0x29, 0xfb, 0xba, 0x00, 0x04, 0xff, 0x76, 0x00, 0x00, 0xff, 0x45, 0x00, 0x00, 0xff, 0x1f, 0x00, 0x00, 0xff, 0x08, 0x00, 0x00, 0x00, 0x00, 
  0x00, 0x00, 0xff, 0x02, 0x00, 0x00, 0xff, 0x0d, 0x00, 0x00, 0xff, 0x29, 0x00, 0x00, 0xff, 0x52, 0x00, 0x0b, 0xfd, 0x88, 0x00, 0x3a, 0xfa, 0xcf, 0x46, 0x8f, 0xf9, 0xfa, 0x4a, 0x89, 0xf9, 0xf5, 0x00, 0x29, 0xfb, 0xb9, 0x00, 0x04, 0xff, 0x74, 0x00, 0x00, 0xff, 0x44, 0x00, 0x00, 0xff, 0x1f, 0x00, 0x00, 0xff, 0x08, 0x00, 0x00, 0x00, 0x00, 
  0x00, 0x00, 0xff, 0x02, 0x00, 0x00, 0xff, 0x0d, 0x00, 0x00, 0xff, 0x29, 0x00, 0x00, 0xff, 0x52, 0x00, 0x0b, 0xff, 0x86, 0x00, 0x39, 0xfa, 0xce, 0x48, 0x8f, 0xf9, 0xf9, 0x49, 0x89, 0xf9, 0xf4, 0x00, 0x28, 0xfb, 0xb7, 0x00, 0x04, 0xff, 0x73, 0x00, 0x00, 0xff, 0x44, 0x00, 0x00, 0xff, 0x1f, 0x00, 0x00, 0xff, 0x08, 0x00, 0x00, 0x00, 0x00, 
  0x00, 0x00, 0xff, 0x02, 0x00, 0x00, 0xff, 0x0d, 0x00, 0x00, 0xff, 0x28, 0x00, 0x00, 0xff, 0x51, 0x00, 0x0a, 0xfd, 0x85, 0x00, 0x38, 0xfa, 0xcd, 0x48, 0x8e, 0xf9, 0xf9, 0x49, 0x88, 0xf9, 0xf3, 0x00, 0x27, 0xfc, 0xb5, 0x00, 0x04, 0xff, 0x72, 0x00, 0x00, 0xff, 0x43, 0x00, 0x00, 0xff, 0x1e, 0x00, 0x00, 0xff, 0x08, 0x00, 0x00, 0x00, 0x00, 
  0x00, 0x00, 0xff, 0x02, 0x00, 0x00, 0xff, 0x0c, 0x00, 0x00, 0xff, 0x28, 0x00, 0x00, 0xff, 0x50, 0x00, 0x0a, 0xfd, 0x84, 0x00, 0x39, 0xfa, 0xcb, 0x47, 0x8f, 0xf9, 0xf8, 0x49, 0x88, 0xf9, 0xf3, 0x00, 0x26, 0xfb, 0xb4, 0x00, 0x02, 0xff, 0x71, 0x00, 0x00, 0xff, 0x42, 0x00, 0x00, 0xff, 0x1e, 0x00, 0x00, 0xff, 0x08, 0x00, 0x00, 0x00, 0x00, 
  0x00, 0x00, 0xff, 0x02, 0x00, 0x00, 0xff, 0x0c, 0x00, 0x00, 0xff, 0x27, 0x00, 0x00, 0xff, 0x50, 0x00, 0x0a, 0xff, 0x82, 0x00, 0x38, 0xfb, 0xc9, 0x48, 0x90, 0xf9, 0xf8, 0x4b, 0x88, 0xf9, 0xf3, 0x00, 0x26, 0xfb, 0xb3, 0x00, 0x02, 0xff, 0x70, 0x00, 0x00, 0xff, 0x42, 0x00, 0x00, 0xff, 0x1d, 0x00, 0x00, 0xff, 0x08, 0x00, 0x00, 0x00, 0x00, 
  0x00, 0x00, 0xff, 0x02, 0x00, 0x00, 0xff, 0x0c, 0x00, 0x00, 0xff, 0x27, 0x00, 0x00, 0xff, 0x4f, 0x00, 0x0a, 0xff, 0x80, 0x00, 0x38, 0xfa, 0xc9, 0x48, 0x8f, 0xf9, 0xf8, 0x4a, 0x88, 0xf9, 0xf2, 0x00, 0x25, 0xfc, 0xb1, 0x00, 0x02, 0xff, 0x6f, 0x00, 0x00, 0xff, 0x41, 0x00, 0x00, 0xff, 0x1d, 0x00, 0x00, 0xff, 0x07, 0x00, 0x00, 0x00, 0x00, 
  0x00, 0x00, 0xff, 0x02, 0x00, 0x00, 0xff, 0x0c, 0x00, 0x00, 0xff, 0x27, 0x00, 0x00, 0xff, 0x4e, 0x00, 0x0a, 0xff, 0x7f, 0x00, 0x37, 0xfa, 0xc7, 0x48, 0x8f, 0xf9, 0xf8, 0x4b, 0x88, 0xfa, 0xf1, 0x00, 0x26, 0xfb, 0xaf, 0x00, 0x02, 0xff, 0x6e, 0x00, 0x00, 0xff, 0x40, 0x00, 0x00, 0xff, 0x1d, 0x00, 0x00, 0xff, 0x07, 0x00, 0x00, 0x00, 0x00, 
  0x00, 0x00, 0xff, 0x02, 0x00, 0x00, 0xff, 0x0c, 0x00, 0x00, 0xff, 0x26, 0x00, 0x00, 0xff, 0x4d, 0x00, 0x0a, 0xff, 0x7e, 0x00, 0x37, 0xfb, 0xc4, 0x48, 0x8f, 0xf9, 0xf8, 0x4a, 0x87, 0xf9, 0xf1, 0x00, 0x25, 0xfc, 0xad, 0x00, 0x02, 0xff, 0x6d, 0x00, 0x00, 0xff, 0x40, 0x00, 0x00, 0xff, 0x1c, 0x00, 0x00, 0xff, 0x07, 0x00, 0x00, 0x00, 0x00, 
  0x00, 0x00, 0xff, 0x02, 0x00, 0x00, 0xff, 0x0b, 0x00, 0x00, 0xff, 0x26, 0x00, 0x00, 0xff, 0x4c, 0x00, 0x0a, 0xfd, 0x7d, 0x00, 0x37, 0xfa, 0xc4, 0x48, 0x8d, 0xf9, 0xf7, 0x4a, 0x88, 0xf9, 0xf1, 0x00, 0x25, 0xfc, 0xac, 0x00, 0x02, 0xff, 0x6b, 0x00, 0x00, 0xff, 0x40, 0x00, 0x00, 0xff, 0x1c, 0x00, 0x00, 0xff, 0x07, 0x00, 0x00, 0x00, 0x00, 
  0x00, 0x00, 0xff, 0x01, 0x00, 0x00, 0xff, 0x0b, 0x00, 0x00, 0xff, 0x25, 0x00, 0x00, 0xff, 0x4b, 0x00, 0x0a, 0xfd, 0x7c, 0x00, 0x36, 0xfa, 0xc3, 0x49, 0x8d, 0xf9, 0xf6, 0x4c, 0x89, 0xf9, 0xef, 0x00, 0x25, 0xfb, 0xab, 0x00, 0x02, 0xff, 0x6b, 0x00, 0x00, 0xff, 0x3e, 0x00, 0x00, 0xff, 0x1b, 0x00, 0x00, 0xff, 0x07, 0x00, 0x00, 0x00, 0x00, 
  0x00, 0x00, 0xff, 0x01, 0x00, 0x00, 0xff, 0x0b, 0x00, 0x00, 0xff, 0x25, 0x00, 0x00, 0xff, 0x4b, 0x00, 0x0a, 0xfd, 0x7b, 0x00, 0x35, 0xfa, 0xc1, 0x49, 0x8d, 0xf9, 0xf6, 0x49, 0x88, 0xf9, 0xef, 0x00, 0x24, 0xfa, 0xa9, 0x00, 0x02, 0xff, 0x69, 0x00, 0x00, 0xff, 0x3e, 0x00, 0x00, 0xff, 0x1b, 0x00, 0x00, 0xff, 0x07, 0x00, 0x00, 0x00, 0x00, 
  0x00, 0x00, 0xff, 0x01, 0x00, 0x00, 0xff, 0x0b, 0x00, 0x00, 0xff, 0x24, 0x00, 0x00, 0xff, 0x4a, 0x00, 0x08, 0xff, 0x79, 0x00, 0x35, 0xfb, 0xbf, 0x4a, 0x8e, 0xf9, 0xf6, 0x4b, 0x88, 0xf9, 0xee, 0x00, 0x23, 0xfc, 0xa7, 0x00, 0x02, 0xff, 0x68, 0x00, 0x00, 0xff, 0x3d, 0x00, 0x00, 0xff, 0x1a, 0x00, 0x00, 0xff, 0x07, 0x00, 0x00, 0x00, 0x00, 
  0x00, 0x00, 0xff, 0x01, 0x00, 0x00, 0xff, 0x0b, 0x00, 0x00, 0xff, 0x24, 0x00, 0x00, 0xff, 0x49, 0x00, 0x08, 0xff, 0x78, 0x00, 0x34, 0xfa, 0xbe, 0x4a, 0x8f, 0xf9, 0xf5, 0x49, 0x85, 0xf9, 0xed, 0x00, 0x24, 0xfc, 0xa5, 0x00, 0x02, 0xff, 0x67, 0x00, 0x00, 0xff, 0x3d, 0x00, 0x00, 0xff, 0x1a, 0x00, 0x00, 0xff, 0x07, 0x00, 0x00, 0x00, 0x00, 
  0x00, 0x00, 0xff, 0x01, 0x00, 0x00, 0xff, 0x0b, 0x00, 0x00, 0xff, 0x24, 0x00, 0x00, 0xff, 0x49, 0x00, 0x09, 0xff, 0x76, 0x00, 0x35, 0xfa, 0xbc, 0x49, 0x8e, 0xf9, 0xf5, 0x4b, 0x88, 0xf9, 0xed, 0x00, 0x22, 0xfc, 0xa4, 0x00, 0x02, 0xff, 0x66, 0x00, 0x00, 0xff, 0x3c, 0x00, 0x00, 0xff, 0x1a, 0x00, 0x00, 0xff, 0x07, 0x00, 0x00, 0x00, 0x00, 
  0x00, 0x00, 0xff, 0x01, 0x00, 0x00, 0xff, 0x0a, 0x00, 0x00, 0xff, 0x23, 0x00, 0x00, 0xff, 0x48, 0x00, 0x09, 0xff, 0x75, 0x00, 0x34, 0xfb, 0xba, 0x49, 0x8d, 0xf9, 0xf4, 0x4d, 0x88, 0xf9, 0xec, 0x00, 0x23, 0xfd, 0xa2, 0x00, 0x03, 0xff, 0x65, 0x00, 0x00, 0xff, 0x3b, 0x00, 0x00, 0xff, 0x1a, 0x00, 0x00, 0xff, 0x06, 0x00, 0x00, 0x00, 0x00, 
  0x00, 0x00, 0xff, 0x01, 0x00, 0x00, 0xff, 0x0a, 0x00, 0x00, 0xff, 0x23, 0x00, 0x00, 0xff, 0x47, 0x00, 0x09, 0xff, 0x74, 0x00, 0x34, 0xf9, 0xb9, 0x4a, 0x8d, 0xf9, 0xf4, 0x4b, 0x87, 0xf8, 0xeb, 0x00, 0x21, 0xfc, 0xa1, 0x00, 0x03, 0xff, 0x64, 0x00, 0x00, 0xff, 0x3b, 0x00, 0x00, 0xff, 0x19, 0x00, 0x00, 0xff, 0x06, 0x00, 0x00, 0x00, 0x00, 
  0x00, 0x00, 0xff, 0x01, 0x00, 0x00, 0xff, 0x0a, 0x00, 0x00, 0xff, 0x23, 0x00, 0x00, 0xff, 0x46, 0x00, 0x07, 0xff, 0x72, 0x00, 0x34, 0xfb, 0xb7, 0x4b, 0x8d, 0xf9, 0xf3, 0x4c, 0x87, 0xf8, 0xeb, 0x00, 0x23, 0xfd, 0x9f, 0x00, 0x03, 0xff, 0x63, 0x00, 0x00, 0xff, 0x3a, 0x00, 0x00, 0xff, 0x19, 0x00, 0x00, 0xff, 0x06, 0x00, 0x00, 0x00, 0x00, 
  0x00, 0x00, 0xff, 0x01, 0x00, 0x00, 0xff, 0x0a, 0x00, 0x00, 0xff, 0x22, 0x00, 0x00, 0xff, 0x46, 0x00, 0x07, 0xff, 0x72, 0x00, 0x33, 0xfb, 0xb5, 0x4b, 0x8c, 0xf9, 0xf2, 0x4c, 0x87, 0xf8, 0xea, 0x00, 0x22, 0xfd, 0x9d, 0x00, 0x03, 0xff, 0x61, 0x00, 0x00, 0xff, 0x3a, 0x00, 0x00, 0xff, 0x19, 0x00, 0x00, 0xff, 0x06, 0x00, 0x00, 0x00, 0x00, 
  0x00, 0x00, 0xff, 0x01, 0x00, 0x00, 0xff, 0x0a, 0x00, 0x00, 0xff, 0x22, 0x00, 0x00, 0xff, 0x45, 0x00, 0x09, 0xff, 0x70, 0x00, 0x33, 0xf9, 0xb4, 0x4a, 0x8d, 0xf9, 0xf1, 0x4e, 0x88, 0xf8, 0xe9, 0x00, 0x21, 0xfc, 0x9c, 0x00, 0x03, 0xff, 0x61, 0x00, 0x00, 0xff, 0x39, 0x00, 0x00, 0xff, 0x18, 0x00, 0x00, 0xff, 0x06, 0x00, 0x00, 0x00, 0x00, 
  0x00, 0x00, 0xff, 0x01, 0x00, 0x00, 0xff, 0x0a, 0x00, 0x00, 0xff, 0x21, 0x00, 0x00, 0xff, 0x44, 0x00, 0x07, 0xff, 0x6e, 0x00, 0x32, 0xf9, 0xb3, 0x4b, 0x8d, 0xf9, 0xf1, 0x4e, 0x87, 0xf8, 0xe8, 0x00, 0x21, 0xfd, 0x9a, 0x00, 0x03, 0xff, 0x5f, 0x00, 0x00, 0xff, 0x38, 0x00, 0x00, 0xff, 0x18, 0x00, 0x00, 0xff, 0x06, 0x00, 0x00, 0x00, 0x00, 
  0x00, 0x00, 0xff, 0x01, 0x00, 0x00, 0xff, 0x0a, 0x00, 0x00, 0xff, 0x20, 0x00, 0x00, 0xff, 0x43, 0x00, 0x07, 0xff, 0x6d, 0x00, 0x32, 0xfb, 0xb1, 0x4a, 0x8c, 0xf9, 0xf1, 0x4d, 0x87, 0xf8, 0xe8, 0x00, 0x21, 0xfc, 0x99, 0x00, 0x03, 0xff, 0x5e, 0x00, 0x00, 0xff, 0x38, 0x00, 0x00, 0xff, 0x18, 0x00, 0x00, 0xff, 0x06, 0x00, 0x00, 0x00, 0x00, 
  0x00, 0x00, 0xff, 0x01, 0x00, 0x00, 0xff, 0x09, 0x00, 0x00, 0xff, 0x20, 0x00, 0x00, 0xff, 0x42, 0x00, 0x07, 0xff, 0x6c, 0x00, 0x33, 0xf9, 0xb0, 0x4b, 0x8d, 0xf9, 0xf0, 0x4c, 0x86, 0xf9, 0xe6, 0x00, 0x20, 0xfc, 0x97, 0x00, 0x03, 0xff, 0x5d, 0x00, 0x00, 0xff, 0x37, 0x00, 0x00, 0xff, 0x17, 0x00, 0x00, 0xff, 0x06, 0x00, 0x00, 0x00, 0x00, 
  0x00, 0x00, 0x00, 0x00, 0x00, 0x00, 0xff, 0x09, 0x00, 0x00, 0xff, 0x20, 0x00, 0x00, 0xff, 0x42, 0x00, 0x07, 0xff, 0x6b, 0x00, 0x32, 0xf9, 0xae, 0x4a, 0x8d, 0xf9, 0xef, 0x4e, 0x87, 0xf9, 0xe6, 0x00, 0x21, 0xfd, 0x95, 0x00, 0x03, 0xff, 0x5c, 0x00, 0x00, 0xff, 0x36, 0x00, 0x00, 0xff, 0x17, 0x00, 0x00, 0xff, 0x06, 0x00, 0x00, 0x00, 0x00, 
  0x00, 0x00, 0x00, 0x00, 0x00, 0x00, 0xff, 0x09, 0x00, 0x00, 0xff, 0x1f, 0x00, 0x00, 0xff, 0x41, 0x00, 0x05, 0xff, 0x6a, 0x00, 0x31, 0xfb, 0xac, 0x48, 0x8b, 0xf9, 0xee, 0x4d, 0x86, 0xf9, 0xe5, 0x00, 0x1f, 0xfd, 0x93, 0x00, 0x03, 0xff, 0x5b, 0x00, 0x00, 0xff, 0x35, 0x00, 0x00, 0xff, 0x17, 0x00, 0x00, 0xff, 0x05, 0x00, 0x00, 0x00, 0x00, 
  0x00, 0x00, 0x00, 0x00, 0x00, 0x00, 0xff, 0x09, 0x00, 0x00, 0xff, 0x1f, 0x00, 0x00, 0xff, 0x40, 0x00, 0x05, 0xff, 0x68, 0x00, 0x31, 0xfb, 0xab, 0x47, 0x8a, 0xf9, 0xee, 0x4c, 0x85, 0xf9, 0xe4, 0x00, 0x1f, 0xfc, 0x92, 0x00, 0x03, 0xff, 0x5a, 0x00, 0x00, 0xff, 0x35, 0x00, 0x00, 0xff, 0x17, 0x00, 0x00, 0xff, 0x05, 0x00, 0x00, 0x00, 0x00, 
  0x00, 0x00, 0x00, 0x00, 0x00, 0x00, 0xff, 0x09, 0x00, 0x00, 0xff, 0x1f, 0x00, 0x00, 0xff, 0x40, 0x00, 0x05, 0xff, 0x67, 0x00, 0x30, 0xfa, 0xa9, 0x47, 0x8a, 0xf9, 0xed, 0x4e, 0x87, 0xf9, 0xe3, 0x00, 0x20, 0xfb, 0x91, 0x00, 0x03, 0xff, 0x59, 0x00, 0x00, 0xff, 0x34, 0x00, 0x00, 0xff, 0x16, 0x00, 0x00, 0xff, 0x05, 0x00, 0x00, 0x00, 0x00, 
  0x00, 0x00, 0x00, 0x00, 0x00, 0x00, 0xff, 0x09, 0x00, 0x00, 0xff, 0x1e, 0x00, 0x00, 0xff, 0x3f, 0x00, 0x05, 0xff, 0x65, 0x00, 0x30, 0xfc, 0xa6, 0x49, 0x8b, 0xf9, 0xec, 0x4e, 0x86, 0xf9, 0xe2, 0x00, 0x1f, 0xfb, 0x8e, 0x00, 0x03, 0xff, 0x58, 0x00, 0x00, 0xff, 0x34, 0x00, 0x00, 0xff, 0x16, 0x00, 0x00, 0xff, 0x05, 0x00, 0x00, 0x00, 0x00, 
  0x00, 0x00, 0x00, 0x00, 0x00, 0x00, 0xff, 0x08, 0x00, 0x00, 0xff, 0x1e, 0x00, 0x00, 0xff, 0x3e, 0x00, 0x05, 0xff, 0x64, 0x00, 0x30, 0xfa, 0xa5, 0x4b, 0x8b, 0xf7, 0xec, 0x4d, 0x85, 0xfa, 0xe1, 0x00, 0x1f, 0xfb, 0x8d, 0x00, 0x03, 0xff, 0x57, 0x00, 0x00, 0xff, 0x33, 0x00, 0x00, 0xff, 0x16, 0x00, 0x00, 0xff, 0x05, 0x00, 0x00, 0x00, 0x00, 
  0x00, 0x00, 0x00, 0x00, 0x00, 0x00, 0xff, 0x08, 0x00, 0x00, 0xff, 0x1d, 0x00, 0x00, 0xff, 0x3d, 0x00, 0x05, 0xff, 0x63, 0x00, 0x2f, 0xfa, 0xa3, 0x4b, 0x8c, 0xf8, 0xeb, 0x4f, 0x86, 0xfa, 0xe0, 0x00, 0x1f, 0xfb, 0x8b, 0x00, 0x03, 0xff, 0x56, 0x00, 0x00, 0xff, 0x33, 0x00, 0x00, 0xff, 0x15, 0x00, 0x00, 0xff, 0x05, 0x00, 0x00, 0x00, 0x00, 
  0x00, 0x00, 0x00, 0x00, 0x00, 0x00, 0xff, 0x08, 0x00, 0x00, 0xff, 0x1d, 0x00, 0x00, 0xff, 0x3c, 0x00, 0x05, 0xff, 0x62, 0x00, 0x30, 0xfc, 0xa1, 0x4b, 0x8a, 0xf8, 0xea, 0x4f, 0x87, 0xfa, 0xdf, 0x00, 0x1e, 0xfb, 0x8a, 0x00, 0x00, 0xff, 0x54, 0x00, 0x00, 0xff, 0x32, 0x00, 0x00, 0xff, 0x15, 0x00, 0x00, 0xff, 0x05, 0x00, 0x00, 0x00, 0x00, 
  0x00, 0x00, 0x00, 0x00, 0x00, 0x00, 0xff, 0x08, 0x00, 0x00, 0xff, 0x1d, 0x00, 0x00, 0xff, 0x3c, 0x00, 0x05, 0xff, 0x61, 0x00, 0x30, 0xfc, 0xa0, 0x4a, 0x8b, 0xf8, 0xe9, 0x4e, 0x85, 0xfa, 0xde, 0x00, 0x1e, 0xfd, 0x87, 0x00, 0x00, 0xff, 0x54, 0x00, 0x00, 0xff, 0x31, 0x00, 0x00, 0xff, 0x15, 0x00, 0x00, 0xff, 0x05, 0x00, 0x00, 0x00, 0x00, 
  0x00, 0x00, 0x00, 0x00, 0x00, 0x00, 0xff, 0x08, 0x00, 0x00, 0xff, 0x1c, 0x00, 0x00, 0xff, 0x3b, 0x00, 0x05, 0xff, 0x5f, 0x00, 0x2d, 0xfa, 0x9e, 0x49, 0x89, 0xf8, 0xe8, 0x4d, 0x85, 0xfa, 0xdd, 0x00, 0x1b, 0xfb, 0x86, 0x00, 0x00, 0xff, 0x52, 0x00, 0x00, 0xff, 0x31, 0x00, 0x00, 0xff, 0x14, 0x00, 0x00, 0xff, 0x05, 0x00, 0x00, 0x00, 0x00, 
  0x00, 0x00, 0x00, 0x00, 0x00, 0x00, 0xff, 0x08, 0x00, 0x00, 0xff, 0x1c, 0x00, 0x00, 0xff, 0x3a, 0x00, 0x03, 0xff, 0x5e, 0x00, 0x2e, 0xfc, 0x9c, 0x4a, 0x8a, 0xf9, 0xe7, 0x4f, 0x85, 0xfa, 0xdc, 0x00, 0x1d, 0xfb, 0x84, 0x00, 0x00, 0xff, 0x52, 0x00, 0x00, 0xff, 0x30, 0x00, 0x00, 0xff, 0x14, 0x00, 0x00, 0xff, 0x05, 0x00, 0x00, 0x00, 0x00, 
  0x00, 0x00, 0x00, 0x00, 0x00, 0x00, 0xff, 0x08, 0x00, 0x00, 0xff, 0x1b, 0x00, 0x00, 0xff, 0x3a, 0x00, 0x03, 0xff, 0x5d, 0x00, 0x2e, 0xfa, 0x9b, 0x49, 0x89, 0xf9, 0xe6, 0x4d, 0x84, 0xfa, 0xdb, 0x00, 0x1b, 0xfb, 0x82, 0x00, 0x00, 0xff, 0x51, 0x00, 0x00, 0xff, 0x2f, 0x00, 0x00, 0xff, 0x13, 0x00, 0x00, 0xff, 0x05, 0x00, 0x00, 0x00, 0x00, 
  0x00, 0x00, 0x00, 0x00, 0x00, 0x00, 0xff, 0x07, 0x00, 0x00, 0xff, 0x1b, 0x00, 0x00, 0xff, 0x39, 0x00, 0x03, 0xff, 0x5b, 0x00, 0x2d, 0xfc, 0x98, 0x49, 0x89, 0xf9, 0xe6, 0x4c, 0x82, 0xfa, 0xd9, 0x00, 0x1c, 0xfd, 0x80, 0x00, 0x00, 0xff, 0x50, 0x00, 0x00, 0xff, 0x2f, 0x00, 0x00, 0xff, 0x13, 0x00, 0x00, 0xff, 0x04, 0x00, 0x00, 0x00, 0x00, 
  0x00, 0x00, 0x00, 0x00, 0x00, 0x00, 0xff, 0x07, 0x00, 0x00, 0xff, 0x1b, 0x00, 0x00, 0xff, 0x38, 0x00, 0x03, 0xff, 0x5a, 0x00, 0x2c, 0xfc, 0x97, 0x48, 0x88, 0xf9, 0xe4, 0x4c, 0x83, 0xfa, 0xd8, 0x00, 0x1c, 0xfb, 0x7f, 0x00, 0x00, 0xff, 0x4f, 0x00, 0x00, 0xff, 0x2e, 0x00, 0x00, 0xff, 0x13, 0x00, 0x00, 0xff, 0x04, 0x00, 0x00, 0x00, 0x00, 
  0x00, 0x00, 0x00, 0x00, 0x00, 0x00, 0xff, 0x07, 0x00, 0x00, 0xff, 0x1a, 0x00, 0x00, 0xff, 0x37, 0x00, 0x03, 0xff, 0x59, 0x00, 0x2b, 0xfc, 0x95, 0x49, 0x88, 0xf9, 0xe4, 0x4d, 0x84, 0xfa, 0xd7, 0x00, 0x1b, 0xfb, 0x7d, 0x00, 0x00, 0xff, 0x4d, 0x00, 0x00, 0xff, 0x2e, 0x00, 0x00, 0xff, 0x12, 0x00, 0x00, 0xff, 0x04, 0x00, 0x00, 0x00, 0x00, 
  0x00, 0x00, 0x00, 0x00, 0x00, 0x00, 0xff, 0x07, 0x00, 0x00, 0xff, 0x1a, 0x00, 0x00, 0xff, 0x37, 0x00, 0x03, 0xff, 0x58, 0x00, 0x2b, 0xfc, 0x93, 0x45, 0x86, 0xf9, 0xe2, 0x4b, 0x82, 0xfa, 0xd6, 0x00, 0x19, 0xfb, 0x7b, 0x00, 0x00, 0xff, 0x4d, 0x00, 0x00, 0xff, 0x2d, 0x00, 0x00, 0xff, 0x12, 0x00, 0x00, 0xff, 0x04, 0x00, 0x00, 0x00, 0x00, 
  0x00, 0x00, 0x00, 0x00, 0x00, 0x00, 0xff, 0x07, 0x00, 0x00, 0xff, 0x1a, 0x00, 0x00, 0xff, 0x36, 0x00, 0x03, 0xff, 0x57, 0x00, 0x2c, 0xfb, 0x91, 0x46, 0x87, 0xf9, 0xe1, 0x4b, 0x82, 0xfa, 0xd5, 0x00, 0x19, 0xff, 0x79, 0x00, 0x00, 0xff, 0x4b, 0x00, 0x00, 0xff, 0x2c, 0x00, 0x00, 0xff, 0x12, 0x00, 0x00, 0xff, 0x04, 0x00, 0x00, 0x00, 0x00, 
  0x00, 0x00, 0x00, 0x00, 0x00, 0x00, 0xff, 0x07, 0x00, 0x00, 0xff, 0x19, 0x00, 0x00, 0xff, 0x35, 0x00, 0x03, 0xff, 0x56, 0x00, 0x2b, 0xfb, 0x8f, 0x45, 0x85, 0xf9, 0xe0, 0x4b, 0x82, 0xfb, 0xd2, 0x00, 0x1a, 0xfd, 0x78, 0x00, 0x00, 0xff, 0x4a, 0x00, 0x00, 0xff, 0x2c, 0x00, 0x00, 0xff, 0x12, 0x00, 0x00, 0xff, 0x04, 0x00, 0x00, 0x00, 0x00, 
  0x00, 0x00, 0x00, 0x00, 0x00, 0x00, 0xff, 0x07, 0x00, 0x00, 0xff, 0x19, 0x00, 0x00, 0xff, 0x34, 0x00, 0x03, 0xff, 0x54, 0x00, 0x2b, 0xfd, 0x8d, 0x43, 0x84, 0xf9, 0xdf, 0x4a, 0x81, 0xfa, 0xd2, 0x00, 0x1a, 0xfd, 0x76, 0x00, 0x00, 0xff, 0x49, 0x00, 0x00, 0xff, 0x2b, 0x00, 0x00, 0xff, 0x11, 0x00, 0x00, 0xff, 0x04, 0x00, 0x00, 0x00, 0x00, 
  0x00, 0x00, 0x00, 0x00, 0x00, 0x00, 0xff, 0x07, 0x00, 0x00, 0xff, 0x19, 0x00, 0x00, 0xff, 0x33, 0x00, 0x03, 0xff, 0x53, 0x00, 0x2a, 0xfb, 0x8c, 0x42, 0x81, 0xf9, 0xdd, 0x49, 0x7f, 0xfa, 0xcf, 0x00, 0x18, 0xfd, 0x75, 0x00, 0x00, 0xff, 0x48, 0x00, 0x00, 0xff, 0x2a, 0x00, 0x00, 0xff, 0x11, 0x00, 0x00, 0xff, 0x04, 0x00, 0x00, 0x00, 0x00, 
  0x00, 0x00, 0x00, 0x00, 0x00, 0x00, 0xff, 0x06, 0x00, 0x00, 0xff, 0x18, 0x00, 0x00, 0xff, 0x33, 0x00, 0x03, 0xff, 0x51, 0x00, 0x28, 0xfb, 0x8b, 0x44, 0x84, 0xf9, 0xdc, 0x49, 0x80, 0xfa, 0xce, 0x00, 0x18, 0xfd, 0x73, 0x00, 0x00, 0xff, 0x47, 0x00, 0x00, 0xff, 0x2a, 0x00, 0x00, 0xff, 0x11, 0x00, 0x00, 0xff, 0x03, 0x00, 0x00, 0x00, 0x00, 
  0x00, 0x00, 0x00, 0x00, 0x00, 0x00, 0xff, 0x06, 0x00, 0x00, 0xff, 0x18, 0x00, 0x00, 0xff, 0x32, 0x00, 0x03, 0xff, 0x50, 0x00, 0x29, 0xfb, 0x88, 0x43, 0x83, 0xf9, 0xda, 0x47, 0x7e, 0xfa, 0xcc, 0x00, 0x17, 0xfd, 0x71, 0x00, 0x00, 0xff, 0x46, 0x00, 0x00, 0xff, 0x29, 0x00, 0x00, 0xff, 0x11, 0x00, 0x00, 0xff, 0x03, 0x00, 0x00, 0x00, 0x00, 
  0x00, 0x00, 0x00, 0x00, 0x00, 0x00, 0xff, 0x06, 0x00, 0x00, 0xff, 0x17, 0x00, 0x00, 0xff, 0x31, 0x00, 0x03, 0xff, 0x4f, 0x00, 0x2a, 0xfd, 0x86, 0x41, 0x81, 0xf9, 0xd9, 0x47, 0x7d, 0xfa, 0xca, 0x00, 0x17, 0xfd, 0x6f, 0x00, 0x00, 0xff, 0x45, 0x00, 0x00, 0xff, 0x28, 0x00, 0x00, 0xff, 0x10, 0x00, 0x00, 0xff, 0x03, 0x00, 0x00, 0x00, 0x00, 
  0x00, 0x00, 0x00, 0x00, 0x00, 0x00, 0xff, 0x06, 0x00, 0x00, 0xff, 0x17, 0x00, 0x00, 0xff, 0x31, 0x00, 0x03, 0xff, 0x4d, 0x00, 0x2a, 0xfd, 0x84, 0x40, 0x81, 0xf9, 0xd7, 0x45, 0x7c, 0xfa, 0xc8, 0x00, 0x17, 0xfd, 0x6e, 0x00, 0x00, 0xff, 0x43, 0x00, 0x00, 0xff, 0x28, 0x00, 0x00, 0xff, 0x10, 0x00, 0x00, 0xff, 0x03, 0x00, 0x00, 0x00, 0x00, 
  0x00, 0x00, 0x00, 0x00, 0x00, 0x00, 0xff, 0x06, 0x00, 0x00, 0xff, 0x16, 0x00, 0x00, 0xff, 0x30, 0x00, 0x03, 0xff, 0x4d, 0x00, 0x27, 0xfd, 0x82, 0x3f, 0x7f, 0xf8, 0xd6, 0x43, 0x7a, 0xfa, 0xc7, 0x00, 0x18, 0xfd, 0x6c, 0x00, 0x00, 0xff, 0x42, 0x00, 0x00, 0xff, 0x27, 0x00, 0x00, 0xff, 0x10, 0x00, 0x00, 0xff, 0x03, 0x00, 0x00, 0x00, 0x00, 
  0x00, 0x00, 0x00, 0x00, 0x00, 0x00, 0xff, 0x06, 0x00, 0x00, 0xff, 0x16, 0x00, 0x00, 0xff, 0x2f, 0x00, 0x03, 0xff, 0x4b, 0x00, 0x2a, 0xfb, 0x81, 0x3b, 0x7e, 0xf9, 0xd3, 0x3f, 0x7a, 0xf9, 0xc5, 0x00, 0x16, 0xff, 0x6a, 0x00, 0x00, 0xff, 0x41, 0x00, 0x00, 0xff, 0x27, 0x00, 0x00, 0xff, 0x10, 0x00, 0x00, 0xff, 0x03, 0x00, 0x00, 0x00, 0x00, 
  0x00, 0x00, 0x00, 0x00, 0x00, 0x00, 0xff, 0x06, 0x00, 0x00, 0xff, 0x16, 0x00, 0x00, 0xff, 0x2e, 0x00, 0x03, 0xff, 0x4a, 0x00, 0x28, 0xfb, 0x7f, 0x39, 0x7a, 0xf9, 0xd1, 0x3f, 0x78, 0xf8, 0xc3, 0x00, 0x16, 0xfd, 0x69, 0x00, 0x00, 0xff, 0x40, 0x00, 0x00, 0xff, 0x26, 0x00, 0x00, 0xff, 0x0f, 0x00, 0x00, 0xff, 0x03, 0x00, 0x00, 0x00, 0x00, 
  0x00, 0x00, 0x00, 0x00, 0x00, 0x00, 0xff, 0x06, 0x00, 0x00, 0xff, 0x15, 0x00, 0x00, 0xff, 0x2e, 0x00, 0x04, 0xff, 0x48, 0x00, 0x29, 0xfb, 0x7d, 0x37, 0x79, 0xf9, 0xd0, 0x3e, 0x76, 0xf8, 0xc0, 0x00, 0x16, 0xfd, 0x67, 0x00, 0x00, 0xff, 0x3f, 0x00, 0x00, 0xff, 0x25, 0x00, 0x00, 0xff, 0x0f, 0x00, 0x00, 0xff, 0x03, 0x00, 0x00, 0x00, 0x00, 
  0x00, 0x00, 0x00, 0x00, 0x00, 0x00, 0xff, 0x06, 0x00, 0x00, 0xff, 0x15, 0x00, 0x00, 0xff, 0x2d, 0x00, 0x04, 0xff, 0x47, 0x00, 0x27, 0xfb, 0x7b, 0x36, 0x78, 0xf8, 0xce, 0x3b, 0x73, 0xf8, 0xbe, 0x00, 0x17, 0xfc, 0x65, 0x00, 0x00, 0xff, 0x3e, 0x00, 0x00, 0xff, 0x25, 0x00, 0x00, 0xff, 0x0f, 0x00, 0x00, 0xff, 0x03, 0x00, 0x00, 0x00, 0x00, 
  0x00, 0x00, 0x00, 0x00, 0x00, 0x00, 0xff, 0x06, 0x00, 0x00, 0xff, 0x14, 0x00, 0x00, 0xff, 0x2c, 0x00, 0x04, 0xff, 0x46, 0x00, 0x28, 0xfd, 0x79, 0x33, 0x75, 0xf8, 0xcc, 0x3a, 0x73, 0xfa, 0xbc, 0x00, 0x17, 0xfc, 0x64, 0x00, 0x00, 0xff, 0x3d, 0x00, 0x00, 0xff, 0x24, 0x00, 0x00, 0xff, 0x0e, 0x00, 0x00, 0xff, 0x03, 0x00, 0x00, 0x00, 0x00, 
  0x00, 0x00, 0x00, 0x00, 0x00, 0x00, 0xff, 0x05, 0x00, 0x00, 0xff, 0x14, 0x00, 0x00, 0xff, 0x2b, 0x00, 0x04, 0xff, 0x44, 0x00, 0x29, 0xfb, 0x77, 0x35, 0x75, 0xf7, 0xca, 0x37, 0x71, 0xf9, 0xb9, 0x00, 0x15, 0xfc, 0x62, 0x00, 0x00, 0xff, 0x3c, 0x00, 0x00, 0xff, 0x24, 0x00, 0x00, 0xff, 0x0e, 0x00, 0x00, 0xff, 0x02, 0x00, 0x00, 0x00, 0x00, 
  0x00, 0x00, 0x00, 0x00, 0x00, 0x00, 0xff, 0x05, 0x00, 0x00, 0xff, 0x14, 0x00, 0x00, 0xff, 0x2a, 0x00, 0x04, 0xff, 0x44, 0x00, 0x27, 0xfb, 0x75, 0x33, 0x75, 0xf7, 0xc8, 0x34, 0x6d, 0xf9, 0xb7, 0x00, 0x15, 0xfc, 0x60, 0x00, 0x00, 0xff, 0x3b, 0x00, 0x00, 0xff, 0x23, 0x00, 0x00, 0xff, 0x0e, 0x00, 0x00, 0xff, 0x02, 0x00, 0x00, 0x00, 0x00, 
  0x00, 0x00, 0x00, 0x00, 0x00, 0x00, 0xff, 0x05, 0x00, 0x00, 0xff, 0x13, 0x00, 0x00, 0xff, 0x2a, 0x00, 0x04, 0xff, 0x42, 0x00, 0x28, 0xfb, 0x73, 0x2c, 0x70, 0xf8, 0xc4, 0x32, 0x6c, 0xf9, 0xb4, 0x00, 0x16, 0xfc, 0x5e, 0x00, 0x00, 0xff, 0x3a, 0x00, 0x00, 0xff, 0x22, 0x00, 0x00, 0xff, 0x0e, 0x00, 0x00, 0xff, 0x02, 0x00, 0x00, 0x00, 0x00, 
  0x00, 0x00, 0x00, 0x00, 0x00, 0x00, 0xff, 0x05, 0x00, 0x00, 0xff, 0x13, 0x00, 0x00, 0xff, 0x29, 0x00, 0x04, 0xff, 0x40, 0x00, 0x27, 0xfa, 0x70, 0x2b, 0x70, 0xf8, 0xc2, 0x30, 0x6b, 0xfb, 0xb1, 0x00, 0x16, 0xfc, 0x5b, 0x00, 0x00, 0xff, 0x38, 0x00, 0x00, 0xff, 0x21, 0x00, 0x00, 0xff, 0x0d, 0x00, 0x00, 0xff, 0x02, 0x00, 0x00, 0x00, 0x00, 
  0x00, 0x00, 0x00, 0x00, 0x00, 0x00, 0xff, 0x05, 0x00, 0x00, 0xff, 0x12, 0x00, 0x00, 0xff, 0x27, 0x00, 0x04, 0xff, 0x3e, 0x00, 0x28, 0xfa, 0x6d, 0x28, 0x6e, 0xf8, 0xbe, 0x2d, 0x6a, 0xf9, 0xae, 0x00, 0x17, 0xff, 0x58, 0x00, 0x00, 0xff, 0x36, 0x00, 0x00, 0xff, 0x20, 0x00, 0x00, 0xff, 0x0d, 0x00, 0x00, 0xff, 0x02, 0x00, 0x00, 0x00, 0x00, 
  0x00, 0x00, 0x00, 0x00, 0x00, 0x00, 0xff, 0x05, 0x00, 0x00, 0xff, 0x11, 0x00, 0x00, 0xff, 0x26, 0x00, 0x04, 0xff, 0x3c, 0x00, 0x26, 0xfa, 0x6a, 0x26, 0x6d, 0xfa, 0xbb, 0x2a, 0x68, 0xfa, 0xa9, 0x00, 0x15, 0xff, 0x55, 0x00, 0x00, 0xff, 0x34, 0x00, 0x00, 0xff, 0x1f, 0x00, 0x00, 0xff, 0x0d, 0x00, 0x00, 0xff, 0x02, 0x00, 0x00, 0x00, 0x00, 
  0x00, 0x00, 0x00, 0x00, 0x00, 0x00, 0xff, 0x04, 0x00, 0x00, 0xff, 0x11, 0x00, 0x00, 0xff, 0x24, 0x00, 0x04, 0xff, 0x39, 0x00, 0x28, 0xfa, 0x66, 0x23, 0x6b, 0xf8, 0xb7, 0x26, 0x67, 0xf9, 0xa6, 0x00, 0x16, 0xfc, 0x52, 0x00, 0x00, 0xff, 0x32, 0x00, 0x00, 0xff, 0x1e, 0x00, 0x00, 0xff, 0x0c, 0x00, 0x00, 0xff, 0x02, 0x00, 0x00, 0x00, 0x00, 
  0x00, 0x00, 0x00, 0x00, 0x00, 0x00, 0xff, 0x04, 0x00, 0x00, 0xff, 0x10, 0x00, 0x00, 0xff, 0x22, 0x00, 0x00, 0xff, 0x35, 0x00, 0x2a, 0xfa, 0x61, 0x21, 0x6b, 0xf8, 0xb3, 0x23, 0x66, 0xf9, 0xa0, 0x00, 0x17, 0xfc, 0x4d, 0x00, 0x00, 0xff, 0x2f, 0x00, 0x00, 0xff, 0x1c, 0x00, 0x00, 0xff, 0x0b, 0x00, 0x00, 0xff, 0x02, 0x00, 0x00, 0x00, 0x00, 
  0x00, 0x00, 0x00, 0x00, 0x00, 0x00, 0xff, 0x03, 0x00, 0x00, 0xff, 0x0f, 0x00, 0x00, 0xff, 0x1f, 0x00, 0x00, 0xff, 0x31, 0x00, 0x2a, 0xfc, 0x5b, 0x20, 0x6a, 0xf8, 0xae, 0x23, 0x64, 0xf8, 0x9b, 0x00, 0x16, 0xfb, 0x47, 0x00, 0x00, 0xff, 0x2b, 0x00, 0x00, 0xff, 0x19, 0x00, 0x00, 0xff, 0x0a, 0x00, 0x00, 0xff, 0x02, 0x00, 0x00, 0x00, 0x00, 
  0x00, 0x00, 0x00, 0x00, 0x00, 0x00, 0xff, 0x03, 0x00, 0x00, 0xff, 0x0d, 0x00, 0x00, 0xff, 0x1c, 0x00, 0x00, 0xff, 0x2d, 0x00, 0x2a, 0xfc, 0x54, 0x19, 0x65, 0xf7, 0xa4, 0x1c, 0x5f, 0xf8, 0x91, 0x00, 0x18, 0xff, 0x41, 0x00, 0x00, 0xff, 0x27, 0x00, 0x00, 0xff, 0x17, 0x00, 0x00, 0xff, 0x09, 0x00, 0x00, 0xff, 0x01, 0x00, 0x00, 0x00, 0x00, 
  0x00, 0x00, 0x00, 0x00, 0x00, 0x00, 0xff, 0x02, 0x00, 0x00, 0xff, 0x0b, 0x00, 0x00, 0xff, 0x19, 0x00, 0x00, 0xff, 0x28, 0x00, 0x29, 0xfc, 0x4b, 0x09, 0x58, 0xf6, 0x93, 0x0a, 0x52, 0xf9, 0x7f, 0x00, 0x16, 0xff, 0x3a, 0x00, 0x00, 0xff, 0x22, 0x00, 0x00, 0xff, 0x14, 0x00, 0x00, 0xff, 0x08, 0x00, 0x00, 0xff, 0x01, 0x00, 0x00, 0x00, 0x00, 
  0x00, 0x00, 0x00, 0x00, 0x00, 0x00, 0xff, 0x02, 0x00, 0x00, 0xff, 0x0a, 0x00, 0x00, 0xff, 0x16, 0x00, 0x00, 0xff, 0x22, 0x00, 0x24, 0xfb, 0x40, 0x00, 0x4f, 0xf9, 0x7a, 0x00, 0x46, 0xf8, 0x6a, 0x00, 0x14, 0xff, 0x32, 0x00, 0x00, 0xff, 0x1e, 0x00, 0x00, 0xff, 0x12, 0x00, 0x00, 0xff, 0x07, 0x00, 0x00, 0xff, 0x01, 0x00, 0x00, 0x00, 0x00, 
  0x00, 0x00, 0x00, 0x00, 0x00, 0x00, 0xff, 0x02, 0x00, 0x00, 0xff, 0x09, 0x00, 0x00, 0xff, 0x12, 0x00, 0x00, 0xff, 0x1d, 0x00, 0x1e, 0xfa, 0x33, 0x00, 0x45, 0xf9, 0x5c, 0x00, 0x3c, 0xfc, 0x51, 0x00, 0x13, 0xff, 0x28, 0x00, 0x00, 0xff, 0x19, 0x00, 0x00, 0xff, 0x0f, 0x00, 0x00, 0xff, 0x06, 0x00, 0x00, 0x00, 0x00, 0x00, 0x00, 0x00, 0x00, 
  0x00, 0x00, 0x00, 0x00, 0x00, 0x00, 0xff, 0x01, 0x00, 0x00, 0xff, 0x07, 0x00, 0x00, 0xff, 0x0e, 0x00, 0x00, 0xff, 0x17, 0x00, 0x14, 0xff, 0x26, 0x00, 0x39, 0xfb, 0x3f, 0x00, 0x31, 0xfb, 0x39, 0x00, 0x08, 0xff, 0x20, 0x00, 0x00, 0xff, 0x14, 0x00, 0x00, 0xff, 0x0c, 0x00, 0x00, 0xff, 0x05, 0x00, 0x00, 0x00, 0x00, 0x00, 0x00, 0x00, 0x00, 
  0x00, 0x00, 0x00, 0x00, 0x00, 0x00, 0xff, 0x01, 0x00, 0x00, 0xff, 0x05, 0x00, 0x00, 0xff, 0x0c, 0x00, 0x00, 0xff, 0x12, 0x00, 0x09, 0xff, 0x1b, 0x00, 0x20, 0xf9, 0x28, 0x00, 0x1c, 0xff, 0x24, 0x00, 0x00, 0xff, 0x17, 0x00, 0x00, 0xff, 0x10, 0x00, 0x00, 0xff, 0x09, 0x00, 0x00, 0xff, 0x04, 0x00, 0x00, 0x00, 0x00, 0x00, 0x00, 0x00, 0x00, 
  0x00, 0x00, 0x00, 0x00, 0x00, 0x00, 0x00, 0x00, 0x00, 0x00, 0xff, 0x04, 0x00, 0x00, 0xff, 0x07, 0x00, 0x00, 0xff, 0x0c, 0x00, 0x00, 0xff, 0x11, 0x00, 0x16, 0xff, 0x17, 0x00, 0x0c, 0xff, 0x15, 0x00, 0x00, 0xff, 0x10, 0x00, 0x00, 0xff, 0x0b, 0x00, 0x00, 0xff, 0x06, 0x00, 0x00, 0xff, 0x03, 0x00, 0x00, 0x00, 0x00, 0x00, 0x00, 0x00, 0x00, 
  0x00, 0x00, 0x00, 0x00, 0x00, 0x00, 0x00, 0x00, 0x00, 0x00, 0xff, 0x01, 0x00, 0x00, 0xff, 0x03, 0x00, 0x00, 0xff, 0x06, 0x00, 0x00, 0xff, 0x08, 0x00, 0x00, 0xff, 0x0a, 0x00, 0x00, 0xff, 0x0a, 0x00, 0x00, 0xff, 0x08, 0x00, 0x00, 0xff, 0x06, 0x00, 0x00, 0xff, 0x04, 0x00, 0x00, 0xff, 0x01, 0x00, 0x00, 0x00, 0x00, 0x00, 0x00, 0x00, 0x00, 
  0x00, 0x00, 0x00, 0x00, 0x00, 0x00, 0x00, 0x00, 0x00, 0x00, 0x00, 0x00, 0x00, 0x00, 0xff, 0x01, 0x00, 0x00, 0xff, 0x01, 0x00, 0x00, 0xff, 0x02, 0x00, 0x00, 0xff, 0x03, 0x00, 0x00, 0xff, 0x03, 0x00, 0x00, 0xff, 0x03, 0x00, 0x00, 0xff, 0x02, 0x00, 0x00, 0xff, 0x01, 0x00, 0x00, 0x00, 0x00, 0x00, 0x00, 0x00, 0x00, 0x00, 0x00, 0x00, 0x00, 
#endif
};

const lv_img_dsc_t _gauge_needle_alpha_14x103 = {
  .header.cf = LV_IMG_CF_TRUE_COLOR_ALPHA,
  .header.always_zero = 0,
  .header.reserved = 0,
  .header.w = 14,
  .header.h = 103,
  .data_size = 1442 * LV_IMG_PX_SIZE_ALPHA_BYTE,
  .data = _gauge_needle_alpha_14x103_map,
};
